REGION,SETTLEMENTDATE,TOTALDEMAND,RRP( Regional reference price),PERIODTYPE
VIC1,01-11-2018 00:30,4408.21,61.91,TRADE
VIC1,01-11-2018 01:00,4268.7,63.5,TRADE
VIC1,01-11-2018 01:30,4176.13,61.35,TRADE
VIC1,01-11-2018 02:00,3985.28,63.02,TRADE
VIC1,01-11-2018 02:30,3912.44,58.46,TRADE
VIC1,01-11-2018 03:00,3884.88,63.28,TRADE
VIC1,01-11-2018 03:30,3909.09,71.24,TRADE
VIC1,01-11-2018 04:00,3896.78,66.88,TRADE
VIC1,01-11-2018 04:30,4026.11,62.13,TRADE
VIC1,01-11-2018 05:00,4234.94,78.58,TRADE
VIC1,01-11-2018 05:30,4575.29,165.46,TRADE
VIC1,01-11-2018 06:00,4824.91,121.21,TRADE
VIC1,01-11-2018 06:30,5207.8,166,TRADE
VIC1,01-11-2018 07:00,5397.2,129.82,TRADE
VIC1,01-11-2018 07:30,5333.07,88.88,TRADE
VIC1,01-11-2018 08:00,5213.76,82.68,TRADE
VIC1,01-11-2018 08:30,5222.9,115.8,TRADE
VIC1,01-11-2018 09:00,5090.28,96.3,TRADE
VIC1,01-11-2018 09:30,4992.64,83.61,TRADE
VIC1,01-11-2018 10:00,4884.86,71.51,TRADE
VIC1,01-11-2018 10:30,4875.45,62.66,TRADE
VIC1,01-11-2018 11:00,4865.48,72.89,TRADE
VIC1,01-11-2018 11:30,4899.28,70.55,TRADE
VIC1,01-11-2018 12:00,4930.69,69.63,TRADE
VIC1,01-11-2018 12:30,5032.56,68.15,TRADE
VIC1,01-11-2018 13:00,5104.56,80.3,TRADE
VIC1,01-11-2018 13:30,5329.58,105.27,TRADE
VIC1,01-11-2018 14:00,5509.01,130.48,TRADE
VIC1,01-11-2018 14:30,5509.88,110.61,TRADE
VIC1,01-11-2018 15:00,5607.41,117.54,TRADE
VIC1,01-11-2018 15:30,5643.12,108.63,TRADE
VIC1,01-11-2018 16:00,5720.24,106.59,TRADE
VIC1,01-11-2018 16:30,5821.72,131.83,TRADE
VIC1,01-11-2018 17:00,5833.01,127.35,TRADE
VIC1,01-11-2018 17:30,5765.79,122.29,TRADE
VIC1,01-11-2018 18:00,5749.83,128.65,TRADE
VIC1,01-11-2018 18:30,5635.5,128.92,TRADE
VIC1,01-11-2018 19:00,5633.24,192.96,TRADE
VIC1,01-11-2018 19:30,5705.95,164.4,TRADE
VIC1,01-11-2018 20:00,5611.51,134.55,TRADE
VIC1,01-11-2018 20:30,5367.41,125.93,TRADE
VIC1,01-11-2018 21:00,5179.2,104.84,TRADE
VIC1,01-11-2018 21:30,4917.84,108.39,TRADE
VIC1,01-11-2018 22:00,4723.82,87.32,TRADE
VIC1,01-11-2018 22:30,4567.52,76.54,TRADE
VIC1,01-11-2018 23:00,4500.73,62.01,TRADE
VIC1,01-11-2018 23:30,4655.08,102.06,TRADE
VIC1,02-11-2018 00:00,4631.13,147.33,TRADE
VIC1,02-11-2018 00:30,4403.59,66.16,TRADE
VIC1,02-11-2018 01:00,4246.65,109.55,TRADE
VIC1,02-11-2018 01:30,4080.23,69.57,TRADE
VIC1,02-11-2018 02:00,3969.46,61.76,TRADE
VIC1,02-11-2018 02:30,3916.85,56.07,TRADE
VIC1,02-11-2018 03:00,3860.91,55.2,TRADE
VIC1,02-11-2018 03:30,3825.25,53.95,TRADE
VIC1,02-11-2018 04:00,3855.54,53.87,TRADE
VIC1,02-11-2018 04:30,3990.65,54.72,TRADE
VIC1,02-11-2018 05:00,4175.03,43.63,TRADE
VIC1,02-11-2018 05:30,4431.57,75.58,TRADE
VIC1,02-11-2018 06:00,4730.42,85.76,TRADE
VIC1,02-11-2018 06:30,5132.17,94.69,TRADE
VIC1,02-11-2018 07:00,5398.38,108.71,TRADE
VIC1,02-11-2018 07:30,5450.95,104.13,TRADE
VIC1,02-11-2018 08:00,5446.89,101.26,TRADE
VIC1,02-11-2018 08:30,5440.03,98.67,TRADE
VIC1,02-11-2018 09:00,5397.35,79.91,TRADE
VIC1,02-11-2018 09:30,5337.08,77.94,TRADE
VIC1,02-11-2018 10:00,5435.96,85.06,TRADE
VIC1,02-11-2018 10:30,5392.48,86.48,TRADE
VIC1,02-11-2018 11:00,5253.09,88.48,TRADE
VIC1,02-11-2018 11:30,5176.94,67.58,TRADE
VIC1,02-11-2018 12:00,5270.44,85.09,TRADE
VIC1,02-11-2018 12:30,5351.27,81.81,TRADE
VIC1,02-11-2018 13:00,5113.85,4.36,TRADE
VIC1,02-11-2018 13:30,5232.35,56.24,TRADE
VIC1,02-11-2018 14:00,5434.19,93.48,TRADE
VIC1,02-11-2018 14:30,5398.7,78.34,TRADE
VIC1,02-11-2018 15:00,5456.2,101.01,TRADE
VIC1,02-11-2018 15:30,5633.74,106.1,TRADE
VIC1,02-11-2018 16:00,5700.14,100.8,TRADE
VIC1,02-11-2018 16:30,5605.65,88.33,TRADE
VIC1,02-11-2018 17:00,5542.1,87.82,TRADE
VIC1,02-11-2018 17:30,5395.23,91.05,TRADE
VIC1,02-11-2018 18:00,5321.33,86.77,TRADE
VIC1,02-11-2018 18:30,5194.03,83.85,TRADE
VIC1,02-11-2018 19:00,5063.1,89.43,TRADE
VIC1,02-11-2018 19:30,4982.33,84.62,TRADE
VIC1,02-11-2018 20:00,4903.93,70.51,TRADE
VIC1,02-11-2018 20:30,4725.36,63.09,TRADE
VIC1,02-11-2018 21:00,4514.08,57.42,TRADE
VIC1,02-11-2018 21:30,4347.17,57.79,TRADE
VIC1,02-11-2018 22:00,4224.37,56.98,TRADE
VIC1,02-11-2018 22:30,4078.9,58.11,TRADE
VIC1,02-11-2018 23:00,3975.46,51.09,TRADE
VIC1,02-11-2018 23:30,4145.19,59.24,TRADE
VIC1,03-11-2018 00:00,4149.62,66.32,TRADE
VIC1,03-11-2018 00:30,3940.52,56.88,TRADE
VIC1,03-11-2018 01:00,3845.42,53.28,TRADE
VIC1,03-11-2018 01:30,3796.66,57.76,TRADE
VIC1,03-11-2018 02:00,3639.79,53.35,TRADE
VIC1,03-11-2018 02:30,3509.75,54.73,TRADE
VIC1,03-11-2018 03:00,3500.78,55.29,TRADE
VIC1,03-11-2018 03:30,3463.96,54.81,TRADE
VIC1,03-11-2018 04:00,3436.7,55.28,TRADE
VIC1,03-11-2018 04:30,3491.88,56.18,TRADE
VIC1,03-11-2018 05:00,3585.13,56.06,TRADE
VIC1,03-11-2018 05:30,3634.04,56.29,TRADE
VIC1,03-11-2018 06:00,3739.75,57.65,TRADE
VIC1,03-11-2018 06:30,3852.97,59.3,TRADE
VIC1,03-11-2018 07:00,3934.52,60.73,TRADE
VIC1,03-11-2018 07:30,3928.89,60.11,TRADE
VIC1,03-11-2018 08:00,3919.49,62.53,TRADE
VIC1,03-11-2018 08:30,3939.83,63.28,TRADE
VIC1,03-11-2018 09:00,3964.25,65.64,TRADE
VIC1,03-11-2018 09:30,3973.67,68.64,TRADE
VIC1,03-11-2018 10:00,3894.13,55.42,TRADE
VIC1,03-11-2018 10:30,3858.05,59.58,TRADE
VIC1,03-11-2018 11:00,3776.14,56.38,TRADE
VIC1,03-11-2018 11:30,3674.76,56.57,TRADE
VIC1,03-11-2018 12:00,3630.16,57.84,TRADE
VIC1,03-11-2018 12:30,3609.15,55.53,TRADE
VIC1,03-11-2018 13:00,3631.19,53.98,TRADE
VIC1,03-11-2018 13:30,3608.13,53.28,TRADE
VIC1,03-11-2018 14:00,3601.18,59.08,TRADE
VIC1,03-11-2018 14:30,3586.04,66.34,TRADE
VIC1,03-11-2018 15:00,3623.72,65.58,TRADE
VIC1,03-11-2018 15:30,3694.1,75.02,TRADE
VIC1,03-11-2018 16:00,3828.42,87.02,TRADE
VIC1,03-11-2018 16:30,3968.6,89.24,TRADE
VIC1,03-11-2018 17:00,4161.03,100.67,TRADE
VIC1,03-11-2018 17:30,4251.19,80.99,TRADE
VIC1,03-11-2018 18:00,4340.21,76.04,TRADE
VIC1,03-11-2018 18:30,4389.76,125.31,TRADE
VIC1,03-11-2018 19:00,4400,106.72,TRADE
VIC1,03-11-2018 19:30,4470.04,99.97,TRADE
VIC1,03-11-2018 20:00,4511.82,75.41,TRADE
VIC1,03-11-2018 20:30,4414.03,86.34,TRADE
VIC1,03-11-2018 21:00,4352.99,103.6,TRADE
VIC1,03-11-2018 21:30,4288.16,114.35,TRADE
VIC1,03-11-2018 22:00,4239.45,126.65,TRADE
VIC1,03-11-2018 22:30,4160.73,105.34,TRADE
VIC1,03-11-2018 23:00,4148.21,85.92,TRADE
VIC1,03-11-2018 23:30,4359.56,166.26,TRADE
VIC1,04-11-2018 00:00,4400.61,243.3,TRADE
VIC1,04-11-2018 00:30,4182.04,80.68,TRADE
VIC1,04-11-2018 01:00,4076.52,93.85,TRADE
VIC1,04-11-2018 01:30,3978.05,87.4,TRADE
VIC1,04-11-2018 02:00,3825.91,117.59,TRADE
VIC1,04-11-2018 02:30,3735.81,156.85,TRADE
VIC1,04-11-2018 03:00,3658.95,62.98,TRADE
VIC1,04-11-2018 03:30,3606.98,107.32,TRADE
VIC1,04-11-2018 04:00,3580.96,180.97,TRADE
VIC1,04-11-2018 04:30,3533.91,62.37,TRADE
VIC1,04-11-2018 05:00,3571.12,65.07,TRADE
VIC1,04-11-2018 05:30,3643.24,62.91,TRADE
VIC1,04-11-2018 06:00,3629.56,61.69,TRADE
VIC1,04-11-2018 06:30,3730.03,63.89,TRADE
VIC1,04-11-2018 07:00,3752.85,62.53,TRADE
VIC1,04-11-2018 07:30,3742.95,62.94,TRADE
VIC1,04-11-2018 08:00,3789.71,66.54,TRADE
VIC1,04-11-2018 08:30,3960,68.08,TRADE
VIC1,04-11-2018 09:00,3985.23,66.65,TRADE
VIC1,04-11-2018 09:30,3916.74,68.3,TRADE
VIC1,04-11-2018 10:00,3896.56,62.62,TRADE
VIC1,04-11-2018 10:30,3893.47,61.08,TRADE
VIC1,04-11-2018 11:00,3976.54,57.77,TRADE
VIC1,04-11-2018 11:30,3991.16,59.04,TRADE
VIC1,04-11-2018 12:00,3853.34,59.48,TRADE
VIC1,04-11-2018 12:30,3684.51,53.27,TRADE
VIC1,04-11-2018 13:00,3546.7,50.59,TRADE
VIC1,04-11-2018 13:30,3530.89,53.52,TRADE
VIC1,04-11-2018 14:00,3636.82,57.68,TRADE
VIC1,04-11-2018 14:30,3671.98,56.54,TRADE
VIC1,04-11-2018 15:00,3803.19,69.23,TRADE
VIC1,04-11-2018 15:30,4035.06,74.03,TRADE
VIC1,04-11-2018 16:00,4080.29,168.55,TRADE
VIC1,04-11-2018 16:30,4236.78,78,TRADE
VIC1,04-11-2018 17:00,4476.5,78.68,TRADE
VIC1,04-11-2018 17:30,4588.48,94.35,TRADE
VIC1,04-11-2018 18:00,4660.17,148.78,TRADE
VIC1,04-11-2018 18:30,4647.08,171.86,TRADE
VIC1,04-11-2018 19:00,4605.44,134.45,TRADE
VIC1,04-11-2018 19:30,4694.42,106.83,TRADE
VIC1,04-11-2018 20:00,4689.34,95.97,TRADE
VIC1,04-11-2018 20:30,4620.11,64.23,TRADE
VIC1,04-11-2018 21:00,4515.82,70.62,TRADE
VIC1,04-11-2018 21:30,4379.14,83.88,TRADE
VIC1,04-11-2018 22:00,4288.94,176.67,TRADE
VIC1,04-11-2018 22:30,4140.74,97.02,TRADE
VIC1,04-11-2018 23:00,4106.57,75.83,TRADE
VIC1,04-11-2018 23:30,4314.04,88.61,TRADE
VIC1,05-11-2018 00:00,4339.56,111.28,TRADE
VIC1,05-11-2018 00:30,4145.02,65.39,TRADE
VIC1,05-11-2018 01:00,3991.98,62.14,TRADE
VIC1,05-11-2018 01:30,3933.65,65.56,TRADE
VIC1,05-11-2018 02:00,3788.21,74.89,TRADE
VIC1,05-11-2018 02:30,3703.66,76.82,TRADE
VIC1,05-11-2018 03:00,3654.78,79.53,TRADE
VIC1,05-11-2018 03:30,3628.44,73.07,TRADE
VIC1,05-11-2018 04:00,3656.06,73.03,TRADE
VIC1,05-11-2018 04:30,3751.22,51.98,TRADE
VIC1,05-11-2018 05:00,3934.38,61.11,TRADE
VIC1,05-11-2018 05:30,4105.92,63.3,TRADE
VIC1,05-11-2018 06:00,4222.61,72.65,TRADE
VIC1,05-11-2018 06:30,4469.22,91.79,TRADE
VIC1,05-11-2018 07:00,4660.2,119.62,TRADE
VIC1,05-11-2018 07:30,4606.64,103.59,TRADE
VIC1,05-11-2018 08:00,4593.71,117.24,TRADE
VIC1,05-11-2018 08:30,4771.8,180.87,TRADE
VIC1,05-11-2018 09:00,4783.24,117.31,TRADE
VIC1,05-11-2018 09:30,4775.38,134.95,TRADE
VIC1,05-11-2018 10:00,4688.94,131.24,TRADE
VIC1,05-11-2018 10:30,4534.41,136.24,TRADE
VIC1,05-11-2018 11:00,4469.5,140.26,TRADE
VIC1,05-11-2018 11:30,4509.63,109.6,TRADE
VIC1,05-11-2018 12:00,4465.31,119.4,TRADE
VIC1,05-11-2018 12:30,4486.96,86.62,TRADE
VIC1,05-11-2018 13:00,4615.9,69.94,TRADE
VIC1,05-11-2018 13:30,4730.95,70.77,TRADE
VIC1,05-11-2018 14:00,4761.74,75.01,TRADE
VIC1,05-11-2018 14:30,4784.72,83.04,TRADE
VIC1,05-11-2018 15:00,4779.69,80.94,TRADE
VIC1,05-11-2018 15:30,4792.03,76.54,TRADE
VIC1,05-11-2018 16:00,4828.95,87.56,TRADE
VIC1,05-11-2018 16:30,4922.17,111.41,TRADE
VIC1,05-11-2018 17:00,5014.26,136.6,TRADE
VIC1,05-11-2018 17:30,4978,128.85,TRADE
VIC1,05-11-2018 18:00,4868.91,137.2,TRADE
VIC1,05-11-2018 18:30,4853.08,126.87,TRADE
VIC1,05-11-2018 19:00,4828.55,227.07,TRADE
VIC1,05-11-2018 19:30,4874.37,151.79,TRADE
VIC1,05-11-2018 20:00,4841.26,126.81,TRADE
VIC1,05-11-2018 20:30,4688.06,116.13,TRADE
VIC1,05-11-2018 21:00,4564.05,114.95,TRADE
VIC1,05-11-2018 21:30,4435.17,100.21,TRADE
VIC1,05-11-2018 22:00,4312.27,94.66,TRADE
VIC1,05-11-2018 22:30,4244.9,94.73,TRADE
VIC1,05-11-2018 23:00,4202.5,97.74,TRADE
VIC1,05-11-2018 23:30,4436.19,108.46,TRADE
VIC1,06-11-2018 00:00,4450.79,120.03,TRADE
VIC1,06-11-2018 00:30,4240.68,90.37,TRADE
VIC1,06-11-2018 01:00,4117.84,80.17,TRADE
VIC1,06-11-2018 01:30,4014.49,72.67,TRADE
VIC1,06-11-2018 02:00,3886.59,61.49,TRADE
VIC1,06-11-2018 02:30,3775.63,62.59,TRADE
VIC1,06-11-2018 03:00,3704.19,61.96,TRADE
VIC1,06-11-2018 03:30,3676.69,60.59,TRADE
VIC1,06-11-2018 04:00,3675.61,60.75,TRADE
VIC1,06-11-2018 04:30,3708.98,63.68,TRADE
VIC1,06-11-2018 05:00,3801.62,63.55,TRADE
VIC1,06-11-2018 05:30,3845.03,72.75,TRADE
VIC1,06-11-2018 06:00,3927.31,68.8,TRADE
VIC1,06-11-2018 06:30,4103.07,162.45,TRADE
VIC1,06-11-2018 07:00,4243.47,170.96,TRADE
VIC1,06-11-2018 07:30,4303.85,231.57,TRADE
VIC1,06-11-2018 08:00,4438.87,287.48,TRADE
VIC1,06-11-2018 08:30,4540.97,161.22,TRADE
VIC1,06-11-2018 09:00,4615.5,203.9,TRADE
VIC1,06-11-2018 09:30,4722.16,205.67,TRADE
VIC1,06-11-2018 10:00,4718.05,147.96,TRADE
VIC1,06-11-2018 10:30,4811.16,270.56,TRADE
VIC1,06-11-2018 11:00,4794.18,218.49,TRADE
VIC1,06-11-2018 11:30,4652.47,102.13,TRADE
VIC1,06-11-2018 12:00,4449.68,76.63,TRADE
VIC1,06-11-2018 12:30,4355.87,78.88,TRADE
VIC1,06-11-2018 13:00,4210.65,60.79,TRADE
VIC1,06-11-2018 13:30,4034.36,43.71,TRADE
VIC1,06-11-2018 14:00,3897.8,21.8,TRADE
VIC1,06-11-2018 14:30,3813.3,17.79,TRADE
VIC1,06-11-2018 15:00,4053.39,56.08,TRADE
VIC1,06-11-2018 15:30,4139.74,58.04,TRADE
VIC1,06-11-2018 16:00,4189.04,88.76,TRADE
VIC1,06-11-2018 16:30,4239.2,96.15,TRADE
VIC1,06-11-2018 17:00,4395.16,57.56,TRADE
VIC1,06-11-2018 17:30,4442.71,78.19,TRADE
VIC1,06-11-2018 18:00,4387.15,42.84,TRADE
VIC1,06-11-2018 18:30,4367.58,57.2,TRADE
VIC1,06-11-2018 19:00,4347.46,192.07,TRADE
VIC1,06-11-2018 19:30,4434.89,226.25,TRADE
VIC1,06-11-2018 20:00,4433.82,177.6,TRADE
VIC1,06-11-2018 20:30,4316.13,210.91,TRADE
VIC1,06-11-2018 21:00,4212.7,126.32,TRADE
VIC1,06-11-2018 21:30,4070.41,114.35,TRADE
VIC1,06-11-2018 22:00,3977.28,87.91,TRADE
VIC1,06-11-2018 22:30,3874.37,109.85,TRADE
VIC1,06-11-2018 23:00,3869.58,88.93,TRADE
VIC1,06-11-2018 23:30,4111.66,136.07,TRADE
VIC1,07-11-2018 00:00,4172.98,114.89,TRADE
VIC1,07-11-2018 00:30,4047.63,119.94,TRADE
VIC1,07-11-2018 01:00,3902.25,88.31,TRADE
VIC1,07-11-2018 01:30,3821.09,50.98,TRADE
VIC1,07-11-2018 02:00,3689.44,54.07,TRADE
VIC1,07-11-2018 02:30,3588.2,44.32,TRADE
VIC1,07-11-2018 03:00,3564.88,59.96,TRADE
VIC1,07-11-2018 03:30,3577.07,78.8,TRADE
VIC1,07-11-2018 04:00,3596.44,70.31,TRADE
VIC1,07-11-2018 04:30,3716.15,64.33,TRADE
VIC1,07-11-2018 05:00,3879.58,66.71,TRADE
VIC1,07-11-2018 05:30,4174.44,92.8,TRADE
VIC1,07-11-2018 06:00,4499.78,115.19,TRADE
VIC1,07-11-2018 06:30,4861.61,219.21,TRADE
VIC1,07-11-2018 07:00,5057.37,149.87,TRADE
VIC1,07-11-2018 07:30,4864.63,110.6,TRADE
VIC1,07-11-2018 08:00,4671.69,123.19,TRADE
VIC1,07-11-2018 08:30,4563.06,106.32,TRADE
VIC1,07-11-2018 09:00,4480.03,98.82,TRADE
VIC1,07-11-2018 09:30,4389.85,120.61,TRADE
VIC1,07-11-2018 10:00,4440.07,87.2,TRADE
VIC1,07-11-2018 10:30,4396.3,71.1,TRADE
VIC1,07-11-2018 11:00,4394.71,120.09,TRADE
VIC1,07-11-2018 11:30,4435.86,118.5,TRADE
VIC1,07-11-2018 12:00,4369.99,89.25,TRADE
VIC1,07-11-2018 12:30,4283.92,48.01,TRADE
VIC1,07-11-2018 13:00,4363.16,163.77,TRADE
VIC1,07-11-2018 13:30,4326.4,74.02,TRADE
VIC1,07-11-2018 14:00,4320.49,78.52,TRADE
VIC1,07-11-2018 14:30,4369.83,96.74,TRADE
VIC1,07-11-2018 15:00,4440.59,63.37,TRADE
VIC1,07-11-2018 15:30,4542.01,82.6,TRADE
VIC1,07-11-2018 16:00,4702.24,89.98,TRADE
VIC1,07-11-2018 16:30,4874.09,113.26,TRADE
VIC1,07-11-2018 17:00,4993.52,101.28,TRADE
VIC1,07-11-2018 17:30,5017.39,70.18,TRADE
VIC1,07-11-2018 18:00,5004.09,70.02,TRADE
VIC1,07-11-2018 18:30,5068.07,64.76,TRADE
VIC1,07-11-2018 19:00,5132.6,101.87,TRADE
VIC1,07-11-2018 19:30,5152.73,123.54,TRADE
VIC1,07-11-2018 20:00,5100.74,117.59,TRADE
VIC1,07-11-2018 20:30,5027.51,101.72,TRADE
VIC1,07-11-2018 21:00,4819.48,79.23,TRADE
VIC1,07-11-2018 21:30,4609.25,87.56,TRADE
VIC1,07-11-2018 22:00,4489.52,72.97,TRADE
VIC1,07-11-2018 22:30,4334.63,95.68,TRADE
VIC1,07-11-2018 23:00,4224.31,79.92,TRADE
VIC1,07-11-2018 23:30,4422.72,107.52,TRADE
VIC1,08-11-2018 00:00,4414.07,119.04,TRADE
VIC1,08-11-2018 00:30,4264.45,96.62,TRADE
VIC1,08-11-2018 01:00,4130.09,84.12,TRADE
VIC1,08-11-2018 01:30,4057.93,72.16,TRADE
VIC1,08-11-2018 02:00,3932.91,67.8,TRADE
VIC1,08-11-2018 02:30,3592.23,55.99,TRADE
VIC1,08-11-2018 03:00,3484.47,58.37,TRADE
VIC1,08-11-2018 03:30,3437.92,60.13,TRADE
VIC1,08-11-2018 04:00,3488.94,64.35,TRADE
VIC1,08-11-2018 04:30,3708.59,70.01,TRADE
VIC1,08-11-2018 05:00,4003.72,70.53,TRADE
VIC1,08-11-2018 05:30,4332.37,146.18,TRADE
VIC1,08-11-2018 06:00,4655.87,106.01,TRADE
VIC1,08-11-2018 06:30,5073.73,129.91,TRADE
VIC1,08-11-2018 07:00,5340.03,152.08,TRADE
VIC1,08-11-2018 07:30,5254.2,86.65,TRADE
VIC1,08-11-2018 08:00,5094.37,80.54,TRADE
VIC1,08-11-2018 08:30,4934.64,73.45,TRADE
VIC1,08-11-2018 09:00,4771.94,75.32,TRADE
VIC1,08-11-2018 09:30,4729.58,71.63,TRADE
VIC1,08-11-2018 10:00,4674.04,59.22,TRADE
VIC1,08-11-2018 10:30,4574.34,65.85,TRADE
VIC1,08-11-2018 11:00,4595.84,117.31,TRADE
VIC1,08-11-2018 11:30,4541.98,87.17,TRADE
VIC1,08-11-2018 12:00,4471.78,80.87,TRADE
VIC1,08-11-2018 12:30,4473.89,55.02,TRADE
VIC1,08-11-2018 13:00,4403.55,55.01,TRADE
VIC1,08-11-2018 13:30,4464.26,57.22,TRADE
VIC1,08-11-2018 14:00,4455.88,61.28,TRADE
VIC1,08-11-2018 14:30,4449.11,65.61,TRADE
VIC1,08-11-2018 15:00,4448.1,65.7,TRADE
VIC1,08-11-2018 15:30,4555.87,82.12,TRADE
VIC1,08-11-2018 16:00,4708.9,73.23,TRADE
VIC1,08-11-2018 16:30,4830.65,90.8,TRADE
VIC1,08-11-2018 17:00,4943.28,74.69,TRADE
VIC1,08-11-2018 17:30,4985.33,92.33,TRADE
VIC1,08-11-2018 18:00,5059.51,120.56,TRADE
VIC1,08-11-2018 18:30,5114.73,124.1,TRADE
VIC1,08-11-2018 19:00,5139.32,123.2,TRADE
VIC1,08-11-2018 19:30,5233.59,139.87,TRADE
VIC1,08-11-2018 20:00,5263.59,128.2,TRADE
VIC1,08-11-2018 20:30,5119.79,124.19,TRADE
VIC1,08-11-2018 21:00,4945.41,113.37,TRADE
VIC1,08-11-2018 21:30,4733.08,95.47,TRADE
VIC1,08-11-2018 22:00,4582.7,100.87,TRADE
VIC1,08-11-2018 22:30,4420.25,98.69,TRADE
VIC1,08-11-2018 23:00,4385.7,111.32,TRADE
VIC1,08-11-2018 23:30,4584.22,126.7,TRADE
VIC1,09-11-2018 00:00,4653.52,189.41,TRADE
VIC1,09-11-2018 00:30,4444.1,108.52,TRADE
VIC1,09-11-2018 01:00,4321.09,98.52,TRADE
VIC1,09-11-2018 01:30,4216.53,86.37,TRADE
VIC1,09-11-2018 02:00,4059.36,71.67,TRADE
VIC1,09-11-2018 02:30,3990.06,90.63,TRADE
VIC1,09-11-2018 03:00,3919.33,99.08,TRADE
VIC1,09-11-2018 03:30,3851.73,87.54,TRADE
VIC1,09-11-2018 04:00,3933.86,120.86,TRADE
VIC1,09-11-2018 04:30,4081.59,74.65,TRADE
VIC1,09-11-2018 05:00,4270.78,101.21,TRADE
VIC1,09-11-2018 05:30,4580.08,121.06,TRADE
VIC1,09-11-2018 06:00,4930.22,188.21,TRADE
VIC1,09-11-2018 06:30,5326.6,122.8,TRADE
VIC1,09-11-2018 07:00,5507.37,119.05,TRADE
VIC1,09-11-2018 07:30,5395.77,103.75,TRADE
VIC1,09-11-2018 08:00,5266.15,91.49,TRADE
VIC1,09-11-2018 08:30,5242.1,92.84,TRADE
VIC1,09-11-2018 09:00,5047.45,93.3,TRADE
VIC1,09-11-2018 09:30,4896.86,81.98,TRADE
VIC1,09-11-2018 10:00,4826.99,86.67,TRADE
VIC1,09-11-2018 10:30,4794.22,78.78,TRADE
VIC1,09-11-2018 11:00,4893.04,95.18,TRADE
VIC1,09-11-2018 11:30,4857.75,90.27,TRADE
VIC1,09-11-2018 12:00,4786.43,82.43,TRADE
VIC1,09-11-2018 12:30,4764.8,75.27,TRADE
VIC1,09-11-2018 13:00,4649,70.07,TRADE
VIC1,09-11-2018 13:30,4736.91,77.84,TRADE
VIC1,09-11-2018 14:00,4659.58,86.07,TRADE
VIC1,09-11-2018 14:30,4577.3,81.89,TRADE
VIC1,09-11-2018 15:00,4541.36,84.21,TRADE
VIC1,09-11-2018 15:30,4638.97,94.99,TRADE
VIC1,09-11-2018 16:00,4702.08,89.53,TRADE
VIC1,09-11-2018 16:30,4765.96,88.48,TRADE
VIC1,09-11-2018 17:00,4820.18,77.25,TRADE
VIC1,09-11-2018 17:30,4936.29,84.78,TRADE
VIC1,09-11-2018 18:00,5004.38,113.09,TRADE
VIC1,09-11-2018 18:30,4921.69,116.77,TRADE
VIC1,09-11-2018 19:00,4938.9,147.56,TRADE
VIC1,09-11-2018 19:30,4991.47,118.63,TRADE
VIC1,09-11-2018 20:00,5018.15,110.23,TRADE
VIC1,09-11-2018 20:30,4902.64,104.56,TRADE
VIC1,09-11-2018 21:00,4802.2,82.55,TRADE
VIC1,09-11-2018 21:30,4680.05,112.5,TRADE
VIC1,09-11-2018 22:00,4560.57,77.89,TRADE
VIC1,09-11-2018 22:30,4396.39,101.66,TRADE
VIC1,09-11-2018 23:00,4354.29,95.63,TRADE
VIC1,09-11-2018 23:30,4557.76,198.7,TRADE
VIC1,10-11-2018 00:00,4578.99,212.97,TRADE
VIC1,10-11-2018 00:30,4387.37,112.23,TRADE
VIC1,10-11-2018 01:00,4280.88,100.44,TRADE
VIC1,10-11-2018 01:30,4188.8,116.25,TRADE
VIC1,10-11-2018 02:00,4023.06,131.03,TRADE
VIC1,10-11-2018 02:30,3897.62,112.8,TRADE
VIC1,10-11-2018 03:00,3841.61,91.87,TRADE
VIC1,10-11-2018 03:30,3786.88,61.84,TRADE
VIC1,10-11-2018 04:00,3755.22,63.48,TRADE
VIC1,10-11-2018 04:30,3851.57,66.88,TRADE
VIC1,10-11-2018 05:00,3956.21,72.25,TRADE
VIC1,10-11-2018 05:30,4072.88,126.13,TRADE
VIC1,10-11-2018 06:00,4163.77,74.11,TRADE
VIC1,10-11-2018 06:30,4343.9,67.61,TRADE
VIC1,10-11-2018 07:00,4456.75,74.29,TRADE
VIC1,10-11-2018 07:30,4343.22,66.51,TRADE
VIC1,10-11-2018 08:00,4327.51,65.1,TRADE
VIC1,10-11-2018 08:30,4293.59,64.67,TRADE
VIC1,10-11-2018 09:00,4197.02,63.6,TRADE
VIC1,10-11-2018 09:30,4160.19,66.12,TRADE
VIC1,10-11-2018 10:00,4088.15,69.23,TRADE
VIC1,10-11-2018 10:30,4062.21,62.92,TRADE
VIC1,10-11-2018 11:00,4039.01,62.34,TRADE
VIC1,10-11-2018 11:30,3979.84,63.81,TRADE
VIC1,10-11-2018 12:00,3975.31,62.29,TRADE
VIC1,10-11-2018 12:30,3936.11,59.4,TRADE
VIC1,10-11-2018 13:00,3912.69,61.7,TRADE
VIC1,10-11-2018 13:30,3867.48,62.8,TRADE
VIC1,10-11-2018 14:00,3863.56,61.73,TRADE
VIC1,10-11-2018 14:30,3906.21,59.29,TRADE
VIC1,10-11-2018 15:00,3873.29,62.81,TRADE
VIC1,10-11-2018 15:30,3973.36,65.14,TRADE
VIC1,10-11-2018 16:00,4098.4,67.18,TRADE
VIC1,10-11-2018 16:30,4219.12,70.79,TRADE
VIC1,10-11-2018 17:00,4382.18,71.31,TRADE
VIC1,10-11-2018 17:30,4440.38,80.86,TRADE
VIC1,10-11-2018 18:00,4542.98,138.65,TRADE
VIC1,10-11-2018 18:30,4495.35,94.9,TRADE
VIC1,10-11-2018 19:00,4462.35,114.97,TRADE
VIC1,10-11-2018 19:30,4542.76,102.88,TRADE
VIC1,10-11-2018 20:00,4592.51,91.64,TRADE
VIC1,10-11-2018 20:30,4524.47,94.41,TRADE
VIC1,10-11-2018 21:00,4425.87,167.91,TRADE
VIC1,10-11-2018 21:30,4328.03,132.6,TRADE
VIC1,10-11-2018 22:00,4245.36,81.99,TRADE
VIC1,10-11-2018 22:30,4151.42,63.33,TRADE
VIC1,10-11-2018 23:00,4178.61,64.71,TRADE
VIC1,10-11-2018 23:30,4393.05,116.47,TRADE
VIC1,11-11-2018 00:00,4401.17,163.1,TRADE
VIC1,11-11-2018 00:30,4184.87,70.36,TRADE
VIC1,11-11-2018 01:00,4107.85,65.9,TRADE
VIC1,11-11-2018 01:30,3997.91,62.94,TRADE
VIC1,11-11-2018 02:00,3877.77,61.34,TRADE
VIC1,11-11-2018 02:30,3765.21,60.74,TRADE
VIC1,11-11-2018 03:00,3686.39,58.94,TRADE
VIC1,11-11-2018 03:30,3626.65,56.4,TRADE
VIC1,11-11-2018 04:00,3640.55,58.73,TRADE
VIC1,11-11-2018 04:30,3613.13,51.2,TRADE
VIC1,11-11-2018 05:00,3674.23,55.02,TRADE
VIC1,11-11-2018 05:30,3698.21,55.84,TRADE
VIC1,11-11-2018 06:00,3757.64,53.26,TRADE
VIC1,11-11-2018 06:30,3844.61,54.49,TRADE
VIC1,11-11-2018 07:00,3871.79,53.21,TRADE
VIC1,11-11-2018 07:30,3865.67,53.73,TRADE
VIC1,11-11-2018 08:00,3880.86,57.98,TRADE
VIC1,11-11-2018 08:30,3848.63,60.26,TRADE
VIC1,11-11-2018 09:00,3837.36,59.76,TRADE
VIC1,11-11-2018 09:30,3794.1,60.19,TRADE
VIC1,11-11-2018 10:00,3731.07,55.23,TRADE
VIC1,11-11-2018 10:30,3718.23,60.87,TRADE
VIC1,11-11-2018 11:00,3640.09,59.21,TRADE
VIC1,11-11-2018 11:30,3593.55,59.41,TRADE
VIC1,11-11-2018 12:00,3505.79,58.03,TRADE
VIC1,11-11-2018 12:30,3516.51,54.74,TRADE
VIC1,11-11-2018 13:00,3482.03,53.8,TRADE
VIC1,11-11-2018 13:30,3495.1,52.83,TRADE
VIC1,11-11-2018 14:00,3486.09,52.25,TRADE
VIC1,11-11-2018 14:30,3559.02,55.87,TRADE
VIC1,11-11-2018 15:00,3680.99,58.72,TRADE
VIC1,11-11-2018 15:30,3802.07,63.75,TRADE
VIC1,11-11-2018 16:00,3958.77,80.17,TRADE
VIC1,11-11-2018 16:30,4139.65,109.28,TRADE
VIC1,11-11-2018 17:00,4319.97,91.51,TRADE
VIC1,11-11-2018 17:30,4435.24,142.37,TRADE
VIC1,11-11-2018 18:00,4527.58,121.65,TRADE
VIC1,11-11-2018 18:30,4532.53,121.01,TRADE
VIC1,11-11-2018 19:00,4545.44,161.69,TRADE
VIC1,11-11-2018 19:30,4562.82,106.89,TRADE
VIC1,11-11-2018 20:00,4588.99,90.09,TRADE
VIC1,11-11-2018 20:30,4466.34,97.29,TRADE
VIC1,11-11-2018 21:00,4354.35,106.79,TRADE
VIC1,11-11-2018 21:30,4186.85,62.27,TRADE
VIC1,11-11-2018 22:00,4133.39,66.52,TRADE
VIC1,11-11-2018 22:30,4020.9,68.13,TRADE
VIC1,11-11-2018 23:00,4027.16,85.44,TRADE
VIC1,11-11-2018 23:30,4220.66,114.78,TRADE
VIC1,12-11-2018 00:00,4242.96,117.56,TRADE
VIC1,12-11-2018 00:30,4095.84,97.76,TRADE
VIC1,12-11-2018 01:00,3986.77,84.06,TRADE
VIC1,12-11-2018 01:30,3877.41,65.17,TRADE
VIC1,12-11-2018 02:00,3759.82,60.89,TRADE
VIC1,12-11-2018 02:30,3691.23,59.7,TRADE
VIC1,12-11-2018 03:00,3645.17,57.11,TRADE
VIC1,12-11-2018 03:30,3648.3,59.72,TRADE
VIC1,12-11-2018 04:00,3698.54,64.47,TRADE
VIC1,12-11-2018 04:30,3817.21,61.48,TRADE
VIC1,12-11-2018 05:00,4015.7,71.52,TRADE
VIC1,12-11-2018 05:30,4286.9,74.29,TRADE
VIC1,12-11-2018 06:00,4539.54,139.58,TRADE
VIC1,12-11-2018 06:30,4918.75,79.87,TRADE
VIC1,12-11-2018 07:00,5061.84,77.63,TRADE
VIC1,12-11-2018 07:30,4894.84,70.93,TRADE
VIC1,12-11-2018 08:00,4837.08,68.17,TRADE
VIC1,12-11-2018 08:30,4843.36,179.32,TRADE
VIC1,12-11-2018 09:00,4749.72,156.4,TRADE
VIC1,12-11-2018 09:30,4733.34,106.63,TRADE
VIC1,12-11-2018 10:00,4795.37,142.43,TRADE
VIC1,12-11-2018 10:30,4871.82,75.25,TRADE
VIC1,12-11-2018 11:00,4922.96,79.71,TRADE
VIC1,12-11-2018 11:30,5015.14,73.17,TRADE
VIC1,12-11-2018 12:00,5058.99,66.09,TRADE
VIC1,12-11-2018 12:30,5151.01,82.4,TRADE
VIC1,12-11-2018 13:00,5231.21,178.07,TRADE
VIC1,12-11-2018 13:30,5196.77,127.91,TRADE
VIC1,12-11-2018 14:00,5238.78,96.99,TRADE
VIC1,12-11-2018 14:30,5288.59,91.47,TRADE
VIC1,12-11-2018 15:00,5382.13,148.87,TRADE
VIC1,12-11-2018 15:30,5409.65,163.46,TRADE
VIC1,12-11-2018 16:00,5518.79,124.93,TRADE
VIC1,12-11-2018 16:30,5593.09,120.01,TRADE
VIC1,12-11-2018 17:00,5647.91,119.18,TRADE
VIC1,12-11-2018 17:30,5606.71,106.53,TRADE
VIC1,12-11-2018 18:00,5549.55,100.63,TRADE
VIC1,12-11-2018 18:30,5396.59,93.28,TRADE
VIC1,12-11-2018 19:00,5290.74,115.21,TRADE
VIC1,12-11-2018 19:30,5260.66,114.6,TRADE
VIC1,12-11-2018 20:00,5181.33,99.74,TRADE
VIC1,12-11-2018 20:30,5072.04,97.33,TRADE
VIC1,12-11-2018 21:00,4911.64,116.53,TRADE
VIC1,12-11-2018 21:30,4729.74,122.14,TRADE
VIC1,12-11-2018 22:00,4513.26,122.42,TRADE
VIC1,12-11-2018 22:30,4356.64,145.53,TRADE
VIC1,12-11-2018 23:00,4292.4,145.03,TRADE
VIC1,12-11-2018 23:30,4491.36,157.36,TRADE
VIC1,13-11-2018 00:00,4454.02,144.79,TRADE
VIC1,13-11-2018 00:30,4253.59,102.9,TRADE
VIC1,13-11-2018 01:00,4173.49,90.55,TRADE
VIC1,13-11-2018 01:30,4048.18,72.74,TRADE
VIC1,13-11-2018 02:00,3898.39,62.96,TRADE
VIC1,13-11-2018 02:30,3853.23,65.28,TRADE
VIC1,13-11-2018 03:00,3781.99,65.85,TRADE
VIC1,13-11-2018 03:30,3817.44,69.76,TRADE
VIC1,13-11-2018 04:00,3859.75,73.19,TRADE
VIC1,13-11-2018 04:30,4008.41,118.26,TRADE
VIC1,13-11-2018 05:00,4198.25,79.89,TRADE
VIC1,13-11-2018 05:30,4470.55,103.74,TRADE
VIC1,13-11-2018 06:00,4749.27,96.28,TRADE
VIC1,13-11-2018 06:30,5138.65,230.33,TRADE
VIC1,13-11-2018 07:00,5321.74,106.92,TRADE
VIC1,13-11-2018 07:30,5301.53,118.51,TRADE
VIC1,13-11-2018 08:00,5307.18,156.38,TRADE
VIC1,13-11-2018 08:30,5306.26,133.84,TRADE
VIC1,13-11-2018 09:00,5307.67,128.19,TRADE
VIC1,13-11-2018 09:30,5326.02,129.55,TRADE
VIC1,13-11-2018 10:00,5294.15,122.55,TRADE
VIC1,13-11-2018 10:30,5228.65,104.82,TRADE
VIC1,13-11-2018 11:00,5325.25,123.78,TRADE
VIC1,13-11-2018 11:30,5274.12,103.21,TRADE
VIC1,13-11-2018 12:00,5335.35,119.42,TRADE
VIC1,13-11-2018 12:30,5429.58,109.65,TRADE
VIC1,13-11-2018 13:00,5482.69,99.41,TRADE
VIC1,13-11-2018 13:30,5533.04,84.72,TRADE
VIC1,13-11-2018 14:00,5459.02,77.43,TRADE
VIC1,13-11-2018 14:30,5483.16,81.22,TRADE
VIC1,13-11-2018 15:00,5590.21,86.51,TRADE
VIC1,13-11-2018 15:30,5745.39,112.51,TRADE
VIC1,13-11-2018 16:00,5854.64,114.4,TRADE
VIC1,13-11-2018 16:30,5986.04,105.61,TRADE
VIC1,13-11-2018 17:00,6027.35,118.55,TRADE
VIC1,13-11-2018 17:30,5834.8,115.49,TRADE
VIC1,13-11-2018 18:00,5741.6,108.38,TRADE
VIC1,13-11-2018 18:30,5566.94,108.85,TRADE
VIC1,13-11-2018 19:00,5442.97,120.41,TRADE
VIC1,13-11-2018 19:30,5432.33,128.56,TRADE
VIC1,13-11-2018 20:00,5336.38,130.59,TRADE
VIC1,13-11-2018 20:30,5221.47,133.52,TRADE
VIC1,13-11-2018 21:00,5008.83,124.23,TRADE
VIC1,13-11-2018 21:30,4852.35,111.01,TRADE
VIC1,13-11-2018 22:00,4638.06,106.26,TRADE
VIC1,13-11-2018 22:30,4506.17,108.78,TRADE
VIC1,13-11-2018 23:00,4483.21,123.8,TRADE
VIC1,13-11-2018 23:30,4681.17,157.49,TRADE
VIC1,14-11-2018 00:00,4637.85,180.06,TRADE
VIC1,14-11-2018 00:30,4447.31,120.03,TRADE
VIC1,14-11-2018 01:00,4314.48,119.26,TRADE
VIC1,14-11-2018 01:30,4235.76,122.89,TRADE
VIC1,14-11-2018 02:00,4103.8,116.7,TRADE
VIC1,14-11-2018 02:30,4000.27,104.93,TRADE
VIC1,14-11-2018 03:00,3958.12,123.8,TRADE
VIC1,14-11-2018 03:30,3914.54,116.06,TRADE
VIC1,14-11-2018 04:00,3986.97,124,TRADE
VIC1,14-11-2018 04:30,4097.25,125.85,TRADE
VIC1,14-11-2018 05:00,4248.18,131.46,TRADE
VIC1,14-11-2018 05:30,4597.69,122.51,TRADE
VIC1,14-11-2018 06:00,4888.71,132.24,TRADE
VIC1,14-11-2018 06:30,5228.86,163.51,TRADE
VIC1,14-11-2018 07:00,5422.87,165,TRADE
VIC1,14-11-2018 07:30,5307.17,161.5,TRADE
VIC1,14-11-2018 08:00,5283.63,123.65,TRADE
VIC1,14-11-2018 08:30,5283.02,140.95,TRADE
VIC1,14-11-2018 09:00,5274.16,121.78,TRADE
VIC1,14-11-2018 09:30,5263.53,110.96,TRADE
VIC1,14-11-2018 10:00,5251.28,111.11,TRADE
VIC1,14-11-2018 10:30,5240.25,114.02,TRADE
VIC1,14-11-2018 11:00,5215.16,153.44,TRADE
VIC1,14-11-2018 11:30,5229.43,109.2,TRADE
VIC1,14-11-2018 12:00,5146.57,156.96,TRADE
VIC1,14-11-2018 12:30,5123.8,141.6,TRADE
VIC1,14-11-2018 13:00,5122.95,90.52,TRADE
VIC1,14-11-2018 13:30,5111.81,94.69,TRADE
VIC1,14-11-2018 14:00,5137.89,104.05,TRADE
VIC1,14-11-2018 14:30,5050.79,93.41,TRADE
VIC1,14-11-2018 15:00,5082.08,94.01,TRADE
VIC1,14-11-2018 15:30,5129.2,91.7,TRADE
VIC1,14-11-2018 16:00,5179.4,98.43,TRADE
VIC1,14-11-2018 16:30,5193.49,97.14,TRADE
VIC1,14-11-2018 17:00,5327.26,113.3,TRADE
VIC1,14-11-2018 17:30,5235.83,103.13,TRADE
VIC1,14-11-2018 18:00,5165.91,119.03,TRADE
VIC1,14-11-2018 18:30,5142.84,156.09,TRADE
VIC1,14-11-2018 19:00,5089.73,149.89,TRADE
VIC1,14-11-2018 19:30,5048.35,95.06,TRADE
VIC1,14-11-2018 20:00,5111.27,116.41,TRADE
VIC1,14-11-2018 20:30,4966.8,114.07,TRADE
VIC1,14-11-2018 21:00,4864.93,100.76,TRADE
VIC1,14-11-2018 21:30,4703.05,112.36,TRADE
VIC1,14-11-2018 22:00,4483.71,101.09,TRADE
VIC1,14-11-2018 22:30,4357.09,86.45,TRADE
VIC1,14-11-2018 23:00,4251.86,86.99,TRADE
VIC1,14-11-2018 23:30,4518.26,94.53,TRADE
VIC1,15-11-2018 00:00,4481.42,93.36,TRADE
VIC1,15-11-2018 00:30,4290.4,88.49,TRADE
VIC1,15-11-2018 01:00,4176.17,85.44,TRADE
VIC1,15-11-2018 01:30,4055.31,84.93,TRADE
VIC1,15-11-2018 02:00,3911.61,81.39,TRADE
VIC1,15-11-2018 02:30,3812.82,77.66,TRADE
VIC1,15-11-2018 03:00,3741.97,71.85,TRADE
VIC1,15-11-2018 03:30,3791.78,72.77,TRADE
VIC1,15-11-2018 04:00,3824.67,73.37,TRADE
VIC1,15-11-2018 04:30,3978.19,85.26,TRADE
VIC1,15-11-2018 05:00,4121.54,86.45,TRADE
VIC1,15-11-2018 05:30,4397.58,86.6,TRADE
VIC1,15-11-2018 06:00,4661,88.3,TRADE
VIC1,15-11-2018 06:30,4979.64,109.04,TRADE
VIC1,15-11-2018 07:00,5116.53,107.71,TRADE
VIC1,15-11-2018 07:30,4929.96,84.76,TRADE
VIC1,15-11-2018 08:00,4805.34,83.15,TRADE
VIC1,15-11-2018 08:30,4713.3,93.92,TRADE
VIC1,15-11-2018 09:00,4625.99,83.99,TRADE
VIC1,15-11-2018 09:30,4559.38,88.44,TRADE
VIC1,15-11-2018 10:00,4527.44,164.42,TRADE
VIC1,15-11-2018 10:30,4508.06,156.36,TRADE
VIC1,15-11-2018 11:00,4516.87,152.07,TRADE
VIC1,15-11-2018 11:30,4559.76,105.19,TRADE
VIC1,15-11-2018 12:00,4569.78,101.47,TRADE
VIC1,15-11-2018 12:30,4483.89,85.04,TRADE
VIC1,15-11-2018 13:00,4483.38,121.56,TRADE
VIC1,15-11-2018 13:30,4459.44,87.01,TRADE
VIC1,15-11-2018 14:00,4472.53,80.55,TRADE
VIC1,15-11-2018 14:30,4458.81,73.09,TRADE
VIC1,15-11-2018 15:00,4490.68,76.98,TRADE
VIC1,15-11-2018 15:30,4639.14,87.03,TRADE
VIC1,15-11-2018 16:00,4720.19,94.1,TRADE
VIC1,15-11-2018 16:30,4785.1,98.63,TRADE
VIC1,15-11-2018 17:00,4921.8,115.08,TRADE
VIC1,15-11-2018 17:30,4929.6,114.79,TRADE
VIC1,15-11-2018 18:00,5012.89,117.34,TRADE
VIC1,15-11-2018 18:30,4988.71,108.47,TRADE
VIC1,15-11-2018 19:00,5005.78,111.03,TRADE
VIC1,15-11-2018 19:30,4986.03,104.81,TRADE
VIC1,15-11-2018 20:00,5081.3,115.79,TRADE
VIC1,15-11-2018 20:30,4970.87,101.23,TRADE
VIC1,15-11-2018 21:00,4765.9,86.68,TRADE
VIC1,15-11-2018 21:30,4616.38,91.73,TRADE
VIC1,15-11-2018 22:00,4463.3,80.07,TRADE
VIC1,15-11-2018 22:30,4276.9,80.01,TRADE
VIC1,15-11-2018 23:00,4185.01,75.31,TRADE
VIC1,15-11-2018 23:30,4402.54,82.75,TRADE
VIC1,16-11-2018 00:00,4444,95.95,TRADE
VIC1,16-11-2018 00:30,4317.64,86.01,TRADE
VIC1,16-11-2018 01:00,4196.67,84.97,TRADE
VIC1,16-11-2018 01:30,4058.12,77.29,TRADE
VIC1,16-11-2018 02:00,3941.47,74.18,TRADE
VIC1,16-11-2018 02:30,3868.88,73.76,TRADE
VIC1,16-11-2018 03:00,3831.2,76.59,TRADE
VIC1,16-11-2018 03:30,3815.13,77.44,TRADE
VIC1,16-11-2018 04:00,3865.71,82.21,TRADE
VIC1,16-11-2018 04:30,4025.12,81.91,TRADE
VIC1,16-11-2018 05:00,4175.04,90.05,TRADE
VIC1,16-11-2018 05:30,4529.4,163.66,TRADE
VIC1,16-11-2018 06:00,4831.35,108.54,TRADE
VIC1,16-11-2018 06:30,5139.17,109.97,TRADE
VIC1,16-11-2018 07:00,5268.7,122.25,TRADE
VIC1,16-11-2018 07:30,5063.38,118.76,TRADE
VIC1,16-11-2018 08:00,4946.71,113.55,TRADE
VIC1,16-11-2018 08:30,4899.95,137.53,TRADE
VIC1,16-11-2018 09:00,4755.53,111.82,TRADE
VIC1,16-11-2018 09:30,4653.65,124.55,TRADE
VIC1,16-11-2018 10:00,4607.65,103.4,TRADE
VIC1,16-11-2018 10:30,4524.58,95.92,TRADE
VIC1,16-11-2018 11:00,4475.02,90.05,TRADE
VIC1,16-11-2018 11:30,4383.78,85.87,TRADE
VIC1,16-11-2018 12:00,4351.04,82.75,TRADE
VIC1,16-11-2018 12:30,4338.85,90.01,TRADE
VIC1,16-11-2018 13:00,4322.43,85.52,TRADE
VIC1,16-11-2018 13:30,4366.13,77.51,TRADE
VIC1,16-11-2018 14:00,4334.73,78.63,TRADE
VIC1,16-11-2018 14:30,4372.09,84.32,TRADE
VIC1,16-11-2018 15:00,4399.76,80.48,TRADE
VIC1,16-11-2018 15:30,4473.65,89.09,TRADE
VIC1,16-11-2018 16:00,4538.59,92.24,TRADE
VIC1,16-11-2018 16:30,4656.59,104.23,TRADE
VIC1,16-11-2018 17:00,4752.03,103.93,TRADE
VIC1,16-11-2018 17:30,4762.02,91.76,TRADE
VIC1,16-11-2018 18:00,4781.2,90.66,TRADE
VIC1,16-11-2018 18:30,4779.49,89.05,TRADE
VIC1,16-11-2018 19:00,4822.43,99.84,TRADE
VIC1,16-11-2018 19:30,4797,110.11,TRADE
VIC1,16-11-2018 20:00,4842.26,109.91,TRADE
VIC1,16-11-2018 20:30,4762.06,117.33,TRADE
VIC1,16-11-2018 21:00,4602.53,100.55,TRADE
VIC1,16-11-2018 21:30,4424.63,103.96,TRADE
VIC1,16-11-2018 22:00,4200.77,91,TRADE
VIC1,16-11-2018 22:30,4127.37,90.16,TRADE
VIC1,16-11-2018 23:00,4099.62,89.13,TRADE
VIC1,16-11-2018 23:30,4286.73,110.22,TRADE
VIC1,17-11-2018 00:00,4292.38,120.43,TRADE
VIC1,17-11-2018 00:30,4115.48,100.75,TRADE
VIC1,17-11-2018 01:00,3943.46,90.53,TRADE
VIC1,17-11-2018 01:30,3858.44,107.37,TRADE
VIC1,17-11-2018 02:00,3693.37,112.03,TRADE
VIC1,17-11-2018 02:30,3600.82,94.38,TRADE
VIC1,17-11-2018 03:00,3489.02,85.29,TRADE
VIC1,17-11-2018 03:30,3468.32,80.23,TRADE
VIC1,17-11-2018 04:00,3459.65,81.22,TRADE
VIC1,17-11-2018 04:30,3529.92,75.46,TRADE
VIC1,17-11-2018 05:00,3581.31,83.93,TRADE
VIC1,17-11-2018 05:30,3692.85,83.2,TRADE
VIC1,17-11-2018 06:00,3745.14,77.65,TRADE
VIC1,17-11-2018 06:30,3938.91,86.01,TRADE
VIC1,17-11-2018 07:00,3964.91,91.66,TRADE
VIC1,17-11-2018 07:30,3909.81,86.18,TRADE
VIC1,17-11-2018 08:00,3848.89,81.36,TRADE
VIC1,17-11-2018 08:30,3839.82,68.24,TRADE
VIC1,17-11-2018 09:00,3759.32,71.98,TRADE
VIC1,17-11-2018 09:30,3670.35,78.49,TRADE
VIC1,17-11-2018 10:00,3590.73,68.11,TRADE
VIC1,17-11-2018 10:30,3524.02,71.94,TRADE
VIC1,17-11-2018 11:00,3493.2,82.57,TRADE
VIC1,17-11-2018 11:30,3461.78,64.72,TRADE
VIC1,17-11-2018 12:00,3444.25,59.21,TRADE
VIC1,17-11-2018 12:30,3398.05,58.37,TRADE
VIC1,17-11-2018 13:00,3353.4,60.89,TRADE
VIC1,17-11-2018 13:30,3361.7,56.65,TRADE
VIC1,17-11-2018 14:00,3368.32,57.76,TRADE
VIC1,17-11-2018 14:30,3417.27,59.81,TRADE
VIC1,17-11-2018 15:00,3440.72,77.51,TRADE
VIC1,17-11-2018 15:30,3543.51,98.71,TRADE
VIC1,17-11-2018 16:00,3650.04,83.84,TRADE
VIC1,17-11-2018 16:30,3794.03,62.67,TRADE
VIC1,17-11-2018 17:00,3950.82,78.86,TRADE
VIC1,17-11-2018 17:30,4034.9,72.78,TRADE
VIC1,17-11-2018 18:00,4147.58,78.96,TRADE
VIC1,17-11-2018 18:30,4134.86,84.19,TRADE
VIC1,17-11-2018 19:00,4163.64,96.9,TRADE
VIC1,17-11-2018 19:30,4191.3,102.64,TRADE
VIC1,17-11-2018 20:00,4200.1,103.1,TRADE
VIC1,17-11-2018 20:30,4199.88,98.24,TRADE
VIC1,17-11-2018 21:00,4094.76,91.72,TRADE
VIC1,17-11-2018 21:30,4027.39,89.8,TRADE
VIC1,17-11-2018 22:00,3957.22,89.04,TRADE
VIC1,17-11-2018 22:30,3850.41,90.09,TRADE
VIC1,17-11-2018 23:00,3803.32,80.64,TRADE
VIC1,17-11-2018 23:30,3998.47,87.51,TRADE
VIC1,18-11-2018 00:00,4030.65,125.43,TRADE
VIC1,18-11-2018 00:30,3875.32,74.28,TRADE
VIC1,18-11-2018 01:00,3746.43,106.6,TRADE
VIC1,18-11-2018 01:30,3657.77,75.65,TRADE
VIC1,18-11-2018 02:00,3532.54,62.48,TRADE
VIC1,18-11-2018 02:30,3417.17,63.23,TRADE
VIC1,18-11-2018 03:00,3357.17,67.63,TRADE
VIC1,18-11-2018 03:30,3342.14,65.81,TRADE
VIC1,18-11-2018 04:00,3396.04,70.18,TRADE
VIC1,18-11-2018 04:30,3430.99,92.09,TRADE
VIC1,18-11-2018 05:00,3478.51,93.96,TRADE
VIC1,18-11-2018 05:30,3502.78,60.42,TRADE
VIC1,18-11-2018 06:00,3547.01,74.46,TRADE
VIC1,18-11-2018 06:30,3610.5,62.99,TRADE
VIC1,18-11-2018 07:00,3677.64,68.95,TRADE
VIC1,18-11-2018 07:30,3603.18,61.1,TRADE
VIC1,18-11-2018 08:00,3549.26,62.15,TRADE
VIC1,18-11-2018 08:30,3475.85,63.45,TRADE
VIC1,18-11-2018 09:00,3438.94,62.78,TRADE
VIC1,18-11-2018 09:30,3448.01,69.44,TRADE
VIC1,18-11-2018 10:00,3429.41,71.75,TRADE
VIC1,18-11-2018 10:30,3451.73,69.59,TRADE
VIC1,18-11-2018 11:00,3434.02,70.49,TRADE
VIC1,18-11-2018 11:30,3495.81,74.18,TRADE
VIC1,18-11-2018 12:00,3498.67,80.34,TRADE
VIC1,18-11-2018 12:30,3549.72,121.6,TRADE
VIC1,18-11-2018 13:00,3577.16,98.64,TRADE
VIC1,18-11-2018 13:30,3639.85,93.9,TRADE
VIC1,18-11-2018 14:00,3691.26,67.05,TRADE
VIC1,18-11-2018 14:30,3752.88,74.42,TRADE
VIC1,18-11-2018 15:00,3877.7,79.77,TRADE
VIC1,18-11-2018 15:30,4027.14,93.53,TRADE
VIC1,18-11-2018 16:00,4174.51,79.43,TRADE
VIC1,18-11-2018 16:30,4367.86,132.82,TRADE
VIC1,18-11-2018 17:00,4531.89,136.18,TRADE
VIC1,18-11-2018 17:30,4677.11,128.6,TRADE
VIC1,18-11-2018 18:00,4705.44,125.89,TRADE
VIC1,18-11-2018 18:30,4706.15,128.04,TRADE
VIC1,18-11-2018 19:00,4643.96,137.44,TRADE
VIC1,18-11-2018 19:30,4566.51,122.81,TRADE
VIC1,18-11-2018 20:00,4563.62,115.07,TRADE
VIC1,18-11-2018 20:30,4432.44,105.87,TRADE
VIC1,18-11-2018 21:00,4283.91,85.14,TRADE
VIC1,18-11-2018 21:30,4105.45,74.16,TRADE
VIC1,18-11-2018 22:00,3984.36,80.51,TRADE
VIC1,18-11-2018 22:30,3878.13,85.49,TRADE
VIC1,18-11-2018 23:00,3838.3,82.39,TRADE
VIC1,18-11-2018 23:30,4083.37,87.5,TRADE
VIC1,19-11-2018 00:00,4116.66,114.39,TRADE
VIC1,19-11-2018 00:30,3944.12,80.36,TRADE
VIC1,19-11-2018 01:00,3826.39,66.95,TRADE
VIC1,19-11-2018 01:30,3751.68,66.42,TRADE
VIC1,19-11-2018 02:00,3634.52,63.48,TRADE
VIC1,19-11-2018 02:30,3503.45,60.74,TRADE
VIC1,19-11-2018 03:00,3459,60.86,TRADE
VIC1,19-11-2018 03:30,3469.06,61.33,TRADE
VIC1,19-11-2018 04:00,3472.42,59.26,TRADE
VIC1,19-11-2018 04:30,3600.09,65.16,TRADE
VIC1,19-11-2018 05:00,3740.96,61.45,TRADE
VIC1,19-11-2018 05:30,3970.19,63.56,TRADE
VIC1,19-11-2018 06:00,4241.13,70.43,TRADE
VIC1,19-11-2018 06:30,4519.59,96.41,TRADE
VIC1,19-11-2018 07:00,4754.33,114.31,TRADE
VIC1,19-11-2018 07:30,4622.19,88.82,TRADE
VIC1,19-11-2018 08:00,4632.77,87.63,TRADE
VIC1,19-11-2018 08:30,4654.85,84.08,TRADE
VIC1,19-11-2018 09:00,4651.03,89.83,TRADE
VIC1,19-11-2018 09:30,4657.97,96.15,TRADE
VIC1,19-11-2018 10:00,4676.05,97.25,TRADE
VIC1,19-11-2018 10:30,4651.59,112.89,TRADE
VIC1,19-11-2018 11:00,4724.29,115.88,TRADE
VIC1,19-11-2018 11:30,4865.76,116.31,TRADE
VIC1,19-11-2018 12:00,4885.34,113.14,TRADE
VIC1,19-11-2018 12:30,4948.41,107.68,TRADE
VIC1,19-11-2018 13:00,5069.53,123.68,TRADE
VIC1,19-11-2018 13:30,5175.68,118.27,TRADE
VIC1,19-11-2018 14:00,5338.24,189.64,TRADE
VIC1,19-11-2018 14:30,5453.11,151.44,TRADE
VIC1,19-11-2018 15:00,5643.16,149.89,TRADE
VIC1,19-11-2018 15:30,5833.74,172.74,TRADE
VIC1,19-11-2018 16:00,6010.96,132.76,TRADE
VIC1,19-11-2018 16:30,6152.41,138.59,TRADE
VIC1,19-11-2018 17:00,6175.24,123.74,TRADE
VIC1,19-11-2018 17:30,6120.45,120.92,TRADE
VIC1,19-11-2018 18:00,6036.49,116.76,TRADE
VIC1,19-11-2018 18:30,5854.01,110.58,TRADE
VIC1,19-11-2018 19:00,5683.07,112.61,TRADE
VIC1,19-11-2018 19:30,5552.86,102.42,TRADE
VIC1,19-11-2018 20:00,5436.06,104.16,TRADE
VIC1,19-11-2018 20:30,5308.14,99.73,TRADE
VIC1,19-11-2018 21:00,5066.76,98.72,TRADE
VIC1,19-11-2018 21:30,4753.27,94.95,TRADE
VIC1,19-11-2018 22:00,4480.53,90.39,TRADE
VIC1,19-11-2018 22:30,4299.4,100.64,TRADE
VIC1,19-11-2018 23:00,4194.59,82.1,TRADE
VIC1,19-11-2018 23:30,4345.53,75.09,TRADE
VIC1,20-11-2018 00:00,4311.61,92.86,TRADE
VIC1,20-11-2018 00:30,4110.87,74.83,TRADE
VIC1,20-11-2018 01:00,3962.3,70.6,TRADE
VIC1,20-11-2018 01:30,3877.05,62.58,TRADE
VIC1,20-11-2018 02:00,3806.73,64,TRADE
VIC1,20-11-2018 02:30,3722.45,62.79,TRADE
VIC1,20-11-2018 03:00,3694.38,65.49,TRADE
VIC1,20-11-2018 03:30,3701.17,71.68,TRADE
VIC1,20-11-2018 04:00,3709.85,71.5,TRADE
VIC1,20-11-2018 04:30,3871.32,73.88,TRADE
VIC1,20-11-2018 05:00,4030.93,74.11,TRADE
VIC1,20-11-2018 05:30,4286.74,89.01,TRADE
VIC1,20-11-2018 06:00,4641.84,127.35,TRADE
VIC1,20-11-2018 06:30,4981.74,126.89,TRADE
VIC1,20-11-2018 07:00,5250.86,126.16,TRADE
VIC1,20-11-2018 07:30,5263.71,111.19,TRADE
VIC1,20-11-2018 08:00,5376.76,123.12,TRADE
VIC1,20-11-2018 08:30,5564.57,162.12,TRADE
VIC1,20-11-2018 09:00,5583.71,126.88,TRADE
VIC1,20-11-2018 09:30,5612.68,121.53,TRADE
VIC1,20-11-2018 10:00,5579.18,116.73,TRADE
VIC1,20-11-2018 10:30,5530.31,123.53,TRADE
VIC1,20-11-2018 11:00,5623.34,121.35,TRADE
VIC1,20-11-2018 11:30,5681.22,127.7,TRADE
VIC1,20-11-2018 12:00,5662.68,126.46,TRADE
VIC1,20-11-2018 12:30,5661.55,122.66,TRADE
VIC1,20-11-2018 13:00,5749.97,123.34,TRADE
VIC1,20-11-2018 13:30,5726.38,124.17,TRADE
VIC1,20-11-2018 14:00,5793.99,122.34,TRADE
VIC1,20-11-2018 14:30,5786.5,116.99,TRADE
VIC1,20-11-2018 15:00,5820.13,120.92,TRADE
VIC1,20-11-2018 15:30,5838.95,115.83,TRADE
VIC1,20-11-2018 16:00,5696.5,118.88,TRADE
VIC1,20-11-2018 16:30,5547.65,118.88,TRADE
VIC1,20-11-2018 17:00,5417.69,130.69,TRADE
VIC1,20-11-2018 17:30,5291.22,117.48,TRADE
VIC1,20-11-2018 18:00,5227.81,141.08,TRADE
VIC1,20-11-2018 18:30,5103.75,116.43,TRADE
VIC1,20-11-2018 19:00,5056.71,121.13,TRADE
VIC1,20-11-2018 19:30,5062.9,119.38,TRADE
VIC1,20-11-2018 20:00,5029.1,118.43,TRADE
VIC1,20-11-2018 20:30,4958.96,116.44,TRADE
VIC1,20-11-2018 21:00,4769.72,113.79,TRADE
VIC1,20-11-2018 21:30,4543.3,102.93,TRADE
VIC1,20-11-2018 22:00,4377.59,96.9,TRADE
VIC1,20-11-2018 22:30,4178.19,79.03,TRADE
VIC1,20-11-2018 23:00,4217.73,80.85,TRADE
VIC1,20-11-2018 23:30,4366.96,113.84,TRADE
VIC1,21-11-2018 00:00,4356.45,129.6,TRADE
VIC1,21-11-2018 00:30,4169.66,110.59,TRADE
VIC1,21-11-2018 01:00,4014.76,104.78,TRADE
VIC1,21-11-2018 01:30,3956.74,89.74,TRADE
VIC1,21-11-2018 02:00,3777.86,84.42,TRADE
VIC1,21-11-2018 02:30,3701.56,98.23,TRADE
VIC1,21-11-2018 03:00,3659.72,83.7,TRADE
VIC1,21-11-2018 03:30,3680.71,112.8,TRADE
VIC1,21-11-2018 04:00,3701.97,116.78,TRADE
VIC1,21-11-2018 04:30,3843.97,82.51,TRADE
VIC1,21-11-2018 05:00,4023.55,100.79,TRADE
VIC1,21-11-2018 05:30,4273.3,91.98,TRADE
VIC1,21-11-2018 06:00,4578.08,130.28,TRADE
VIC1,21-11-2018 06:30,4850.41,135.44,TRADE
VIC1,21-11-2018 07:00,4995.47,142.15,TRADE
VIC1,21-11-2018 07:30,4851.79,117.25,TRADE
VIC1,21-11-2018 08:00,4769.74,86.48,TRADE
VIC1,21-11-2018 08:30,4724.12,86.81,TRADE
VIC1,21-11-2018 09:00,4669.06,97.96,TRADE
VIC1,21-11-2018 09:30,4610.16,130.96,TRADE
VIC1,21-11-2018 10:00,4470.32,120.48,TRADE
VIC1,21-11-2018 10:30,4449.09,89.97,TRADE
VIC1,21-11-2018 11:00,4431.05,101.18,TRADE
VIC1,21-11-2018 11:30,4418.76,85.17,TRADE
VIC1,21-11-2018 12:00,4343.96,93.47,TRADE
VIC1,21-11-2018 12:30,4341.38,81.24,TRADE
VIC1,21-11-2018 13:00,4353.01,81.61,TRADE
VIC1,21-11-2018 13:30,4433.36,113.68,TRADE
VIC1,21-11-2018 14:00,4484.72,79.59,TRADE
VIC1,21-11-2018 14:30,4480.55,78.95,TRADE
VIC1,21-11-2018 15:00,4512.69,73.17,TRADE
VIC1,21-11-2018 15:30,4656.57,96.13,TRADE
VIC1,21-11-2018 16:00,4684.49,84.96,TRADE
VIC1,21-11-2018 16:30,4862,84.44,TRADE
VIC1,21-11-2018 17:00,5004.62,93.99,TRADE
VIC1,21-11-2018 17:30,4951.26,98.4,TRADE
VIC1,21-11-2018 18:00,4947.36,107,TRADE
VIC1,21-11-2018 18:30,4887.4,107.56,TRADE
VIC1,21-11-2018 19:00,4850.96,117,TRADE
VIC1,21-11-2018 19:30,4907.88,129.94,TRADE
VIC1,21-11-2018 20:00,4927.08,122.73,TRADE
VIC1,21-11-2018 20:30,4834.73,124.19,TRADE
VIC1,21-11-2018 21:00,4635.63,97.87,TRADE
VIC1,21-11-2018 21:30,4466.27,87.68,TRADE
VIC1,21-11-2018 22:00,4287.96,84.75,TRADE
VIC1,21-11-2018 22:30,4084.06,78.62,TRADE
VIC1,21-11-2018 23:00,4047.85,68.95,TRADE
VIC1,21-11-2018 23:30,4272.3,78.37,TRADE
VIC1,22-11-2018 00:00,4328.62,108.17,TRADE
VIC1,22-11-2018 00:30,4111.02,81.99,TRADE
VIC1,22-11-2018 01:00,3977.7,60.58,TRADE
VIC1,22-11-2018 01:30,3908.74,67.15,TRADE
VIC1,22-11-2018 02:00,3768.68,62.21,TRADE
VIC1,22-11-2018 02:30,3709.6,61.99,TRADE
VIC1,22-11-2018 03:00,3682.97,62.65,TRADE
VIC1,22-11-2018 03:30,3676.29,62.31,TRADE
VIC1,22-11-2018 04:00,3695.82,61.31,TRADE
VIC1,22-11-2018 04:30,3828.22,61.8,TRADE
VIC1,22-11-2018 05:00,4037.04,79.47,TRADE
VIC1,22-11-2018 05:30,4321.17,83.95,TRADE
VIC1,22-11-2018 06:00,4660.35,134.58,TRADE
VIC1,22-11-2018 06:30,4960.82,128.77,TRADE
VIC1,22-11-2018 07:00,5130.57,142.62,TRADE
VIC1,22-11-2018 07:30,4975.96,100.83,TRADE
VIC1,22-11-2018 08:00,4865.9,98.47,TRADE
VIC1,22-11-2018 08:30,4894.3,87.52,TRADE
VIC1,22-11-2018 09:00,4868.23,72.17,TRADE
VIC1,22-11-2018 09:30,4745.15,71.15,TRADE
VIC1,22-11-2018 10:00,4682.81,81.4,TRADE
VIC1,22-11-2018 10:30,4593.02,62.02,TRADE
VIC1,22-11-2018 11:00,4552.6,62.5,TRADE
VIC1,22-11-2018 11:30,4588.84,64.24,TRADE
VIC1,22-11-2018 12:00,4553.55,62.28,TRADE
VIC1,22-11-2018 12:30,4531.78,61.44,TRADE
VIC1,22-11-2018 13:00,4506.5,59.91,TRADE
VIC1,22-11-2018 13:30,4566.09,60.43,TRADE
VIC1,22-11-2018 14:00,4512.96,56.71,TRADE
VIC1,22-11-2018 14:30,4469.97,53.16,TRADE
VIC1,22-11-2018 15:00,4439.57,55.08,TRADE
VIC1,22-11-2018 15:30,4445.08,58.78,TRADE
VIC1,22-11-2018 16:00,4548.27,71.98,TRADE
VIC1,22-11-2018 16:30,4708.35,87.14,TRADE
VIC1,22-11-2018 17:00,4892.7,92.41,TRADE
VIC1,22-11-2018 17:30,4967.99,91.71,TRADE
VIC1,22-11-2018 18:00,4958.94,68.66,TRADE
VIC1,22-11-2018 18:30,4923.49,67.09,TRADE
VIC1,22-11-2018 19:00,4913.32,89.28,TRADE
VIC1,22-11-2018 19:30,4871.89,116.43,TRADE
VIC1,22-11-2018 20:00,4908.7,82.2,TRADE
VIC1,22-11-2018 20:30,4783.74,98.12,TRADE
VIC1,22-11-2018 21:00,4579.92,65.28,TRADE
VIC1,22-11-2018 21:30,4407.88,60.85,TRADE
VIC1,22-11-2018 22:00,4213.75,60.35,TRADE
VIC1,22-11-2018 22:30,4063.83,58.27,TRADE
VIC1,22-11-2018 23:00,4024.81,55.99,TRADE
VIC1,22-11-2018 23:30,4200.16,61.63,TRADE
VIC1,23-11-2018 00:00,4217.88,67.03,TRADE
VIC1,23-11-2018 00:30,4064.19,66.42,TRADE
VIC1,23-11-2018 01:00,3909.17,60.17,TRADE
VIC1,23-11-2018 01:30,3811.77,56.37,TRADE
VIC1,23-11-2018 02:00,3715.52,52.66,TRADE
VIC1,23-11-2018 02:30,3606.08,49.34,TRADE
VIC1,23-11-2018 03:00,3544.84,48.24,TRADE
VIC1,23-11-2018 03:30,3548.71,51.1,TRADE
VIC1,23-11-2018 04:00,3557.9,52.77,TRADE
VIC1,23-11-2018 04:30,3687.11,60.65,TRADE
VIC1,23-11-2018 05:00,3869.88,60.36,TRADE
VIC1,23-11-2018 05:30,4253.09,65.98,TRADE
VIC1,23-11-2018 06:00,4598.48,105.02,TRADE
VIC1,23-11-2018 06:30,4970.83,124.11,TRADE
VIC1,23-11-2018 07:00,5238.32,122.84,TRADE
VIC1,23-11-2018 07:30,5180.32,121.66,TRADE
VIC1,23-11-2018 08:00,5183.92,117.83,TRADE
VIC1,23-11-2018 08:30,5195.67,111.55,TRADE
VIC1,23-11-2018 09:00,5201.05,109.47,TRADE
VIC1,23-11-2018 09:30,5182.01,71.93,TRADE
VIC1,23-11-2018 10:00,5209.3,73.71,TRADE
VIC1,23-11-2018 10:30,5206.06,69.5,TRADE
VIC1,23-11-2018 11:00,5170.27,95.08,TRADE
VIC1,23-11-2018 11:30,5245.06,121.71,TRADE
VIC1,23-11-2018 12:00,5180.77,150.51,TRADE
VIC1,23-11-2018 12:30,5117.26,81.48,TRADE
VIC1,23-11-2018 13:00,5139.87,74.62,TRADE
VIC1,23-11-2018 13:30,5156.54,68.49,TRADE
VIC1,23-11-2018 14:00,5136.42,67.1,TRADE
VIC1,23-11-2018 14:30,5115.7,65.84,TRADE
VIC1,23-11-2018 15:00,5115.09,65.02,TRADE
VIC1,23-11-2018 15:30,5205.82,74.23,TRADE
VIC1,23-11-2018 16:00,5214.57,84.73,TRADE
VIC1,23-11-2018 16:30,5249.87,86.5,TRADE
VIC1,23-11-2018 17:00,5246.45,104.37,TRADE
VIC1,23-11-2018 17:30,5258.26,119.02,TRADE
VIC1,23-11-2018 18:00,5270.11,140.44,TRADE
VIC1,23-11-2018 18:30,5178.23,137.08,TRADE
VIC1,23-11-2018 19:00,5158.17,134.37,TRADE
VIC1,23-11-2018 19:30,5147.92,172.33,TRADE
VIC1,23-11-2018 20:00,5148.63,113.19,TRADE
VIC1,23-11-2018 20:30,5016.81,98.53,TRADE
VIC1,23-11-2018 21:00,4807.38,124.28,TRADE
VIC1,23-11-2018 21:30,4629.27,98.96,TRADE
VIC1,23-11-2018 22:00,4428.11,90.13,TRADE
VIC1,23-11-2018 22:30,4312.97,96.1,TRADE
VIC1,23-11-2018 23:00,4188.97,80.23,TRADE
VIC1,23-11-2018 23:30,4374.58,113.07,TRADE
VIC1,24-11-2018 00:00,4396.78,135.41,TRADE
VIC1,24-11-2018 00:30,4182.69,105.27,TRADE
VIC1,24-11-2018 01:00,4025.54,74.63,TRADE
VIC1,24-11-2018 01:30,3921.37,63.95,TRADE
VIC1,24-11-2018 02:00,3758.56,55.89,TRADE
VIC1,24-11-2018 02:30,3670.76,52.09,TRADE
VIC1,24-11-2018 03:00,3589.98,55.71,TRADE
VIC1,24-11-2018 03:30,3572.67,54.84,TRADE
VIC1,24-11-2018 04:00,3554.67,51.32,TRADE
VIC1,24-11-2018 04:30,3624.56,51.25,TRADE
VIC1,24-11-2018 05:00,3695.31,56.2,TRADE
VIC1,24-11-2018 05:30,3797.99,67.74,TRADE
VIC1,24-11-2018 06:00,3948.29,68.49,TRADE
VIC1,24-11-2018 06:30,4162.17,119.79,TRADE
VIC1,24-11-2018 07:00,4263.78,126.82,TRADE
VIC1,24-11-2018 07:30,4266.28,178.68,TRADE
VIC1,24-11-2018 08:00,4388.56,114.88,TRADE
VIC1,24-11-2018 08:30,4450.99,201.98,TRADE
VIC1,24-11-2018 09:00,4420.27,107.89,TRADE
VIC1,24-11-2018 09:30,4488.8,124.21,TRADE
VIC1,24-11-2018 10:00,4491.2,119.99,TRADE
VIC1,24-11-2018 10:30,4427.11,112.52,TRADE
VIC1,24-11-2018 11:00,4404.46,129.35,TRADE
VIC1,24-11-2018 11:30,4342.16,146.62,TRADE
VIC1,24-11-2018 12:00,4339.51,110.4,TRADE
VIC1,24-11-2018 12:30,4251.46,108.97,TRADE
VIC1,24-11-2018 13:00,4188.92,97.65,TRADE
VIC1,24-11-2018 13:30,4199.75,60.15,TRADE
VIC1,24-11-2018 14:00,4154.5,63.07,TRADE
VIC1,24-11-2018 14:30,4162,136.07,TRADE
VIC1,24-11-2018 15:00,4179.01,108.25,TRADE
VIC1,24-11-2018 15:30,4244.71,106.89,TRADE
VIC1,24-11-2018 16:00,4355.72,113.98,TRADE
VIC1,24-11-2018 16:30,4340.85,109.37,TRADE
VIC1,24-11-2018 17:00,4438.83,121.85,TRADE
VIC1,24-11-2018 17:30,4471.41,119.36,TRADE
VIC1,24-11-2018 18:00,4601.56,141.03,TRADE
VIC1,24-11-2018 18:30,4556.69,144.32,TRADE
VIC1,24-11-2018 19:00,4577.17,142.48,TRADE
VIC1,24-11-2018 19:30,4611.06,132.45,TRADE
VIC1,24-11-2018 20:00,4656.57,148.48,TRADE
VIC1,24-11-2018 20:30,4632.39,120.65,TRADE
VIC1,24-11-2018 21:00,4522.72,116.99,TRADE
VIC1,24-11-2018 21:30,4409.48,118.4,TRADE
VIC1,24-11-2018 22:00,4282.32,115.67,TRADE
VIC1,24-11-2018 22:30,4163.86,117,TRADE
VIC1,24-11-2018 23:00,4175.69,115.06,TRADE
VIC1,24-11-2018 23:30,4343.11,163.82,TRADE
VIC1,25-11-2018 00:00,4378.04,224.32,TRADE
VIC1,25-11-2018 00:30,4236.91,138.02,TRADE
VIC1,25-11-2018 01:00,4073.81,158.93,TRADE
VIC1,25-11-2018 01:30,3939.66,223.82,TRADE
VIC1,25-11-2018 02:00,3814.89,118.92,TRADE
VIC1,25-11-2018 02:30,3706.11,108.35,TRADE
VIC1,25-11-2018 03:00,3631.21,111.1,TRADE
VIC1,25-11-2018 03:30,3580.89,130.78,TRADE
VIC1,25-11-2018 04:00,3542.72,127.34,TRADE
VIC1,25-11-2018 04:30,3592.04,132.32,TRADE
VIC1,25-11-2018 05:00,3573.5,108.61,TRADE
VIC1,25-11-2018 05:30,3570.69,108.12,TRADE
VIC1,25-11-2018 06:00,3659.7,116.66,TRADE
VIC1,25-11-2018 06:30,3733.94,91.46,TRADE
VIC1,25-11-2018 07:00,3827.85,118.82,TRADE
VIC1,25-11-2018 07:30,3873.26,120.7,TRADE
VIC1,25-11-2018 08:00,3894.58,123.49,TRADE
VIC1,25-11-2018 08:30,3988.18,131.78,TRADE
VIC1,25-11-2018 09:00,4078.69,141.76,TRADE
VIC1,25-11-2018 09:30,4118.16,114.11,TRADE
VIC1,25-11-2018 10:00,4114.3,115.38,TRADE
VIC1,25-11-2018 10:30,4096.03,114.67,TRADE
VIC1,25-11-2018 11:00,4036.01,106.84,TRADE
VIC1,25-11-2018 11:30,3969.09,98.91,TRADE
VIC1,25-11-2018 12:00,3917.4,77.82,TRADE
VIC1,25-11-2018 12:30,3822.32,70.68,TRADE
VIC1,25-11-2018 13:00,3747.09,65.6,TRADE
VIC1,25-11-2018 13:30,3774.87,76.99,TRADE
VIC1,25-11-2018 14:00,3710.76,93.87,TRADE
VIC1,25-11-2018 14:30,3681.3,68.46,TRADE
VIC1,25-11-2018 15:00,3759.43,70.12,TRADE
VIC1,25-11-2018 15:30,3849.54,104.42,TRADE
VIC1,25-11-2018 16:00,3934.3,55.37,TRADE
VIC1,25-11-2018 16:30,4019.51,75.74,TRADE
VIC1,25-11-2018 17:00,4181.37,112.81,TRADE
VIC1,25-11-2018 17:30,4373.38,124.53,TRADE
VIC1,25-11-2018 18:00,4414.25,114.45,TRADE
VIC1,25-11-2018 18:30,4464.68,123.13,TRADE
VIC1,25-11-2018 19:00,4464.26,206.32,TRADE
VIC1,25-11-2018 19:30,4522.62,119.86,TRADE
VIC1,25-11-2018 20:00,4601.57,119.86,TRADE
VIC1,25-11-2018 20:30,4574.76,117.59,TRADE
VIC1,25-11-2018 21:00,4485.55,115.63,TRADE
VIC1,25-11-2018 21:30,4346.96,107.06,TRADE
VIC1,25-11-2018 22:00,4217.07,89.06,TRADE
VIC1,25-11-2018 22:30,4140.43,119.9,TRADE
VIC1,25-11-2018 23:00,4101.03,105.17,TRADE
VIC1,25-11-2018 23:30,4346.11,130.85,TRADE
VIC1,26-11-2018 00:00,4349.02,134.48,TRADE
VIC1,26-11-2018 00:30,4224.84,114.21,TRADE
VIC1,26-11-2018 01:00,4110.31,103.92,TRADE
VIC1,26-11-2018 01:30,4072.18,96.79,TRADE
VIC1,26-11-2018 02:00,3921.61,70.91,TRADE
VIC1,26-11-2018 02:30,3805.17,65.31,TRADE
VIC1,26-11-2018 03:00,3747.89,61.9,TRADE
VIC1,26-11-2018 03:30,3740.37,62.49,TRADE
VIC1,26-11-2018 04:00,3755.23,65.18,TRADE
VIC1,26-11-2018 04:30,3913.92,113.58,TRADE
VIC1,26-11-2018 05:00,4060.37,76.49,TRADE
VIC1,26-11-2018 05:30,4330.06,148.54,TRADE
VIC1,26-11-2018 06:00,4664.69,138.71,TRADE
VIC1,26-11-2018 06:30,5038.34,121.74,TRADE
VIC1,26-11-2018 07:00,5268.87,128.57,TRADE
VIC1,26-11-2018 07:30,5163.13,106.63,TRADE
VIC1,26-11-2018 08:00,5077.17,132.28,TRADE
VIC1,26-11-2018 08:30,5087.93,142.25,TRADE
VIC1,26-11-2018 09:00,4986.25,124.35,TRADE
VIC1,26-11-2018 09:30,4992.22,120.58,TRADE
VIC1,26-11-2018 10:00,4916.36,124.69,TRADE
VIC1,26-11-2018 10:30,4862.11,126.58,TRADE
VIC1,26-11-2018 11:00,4788.94,115.29,TRADE
VIC1,26-11-2018 11:30,4718.79,107.54,TRADE
VIC1,26-11-2018 12:00,4677.26,114.19,TRADE
VIC1,26-11-2018 12:30,4616.69,106.47,TRADE
VIC1,26-11-2018 13:00,4588.41,104.29,TRADE
VIC1,26-11-2018 13:30,4622.21,124.16,TRADE
VIC1,26-11-2018 14:00,4613.88,101.36,TRADE
VIC1,26-11-2018 14:30,4597.66,105.29,TRADE
VIC1,26-11-2018 15:00,4636.1,100.88,TRADE
VIC1,26-11-2018 15:30,4759.8,110,TRADE
VIC1,26-11-2018 16:00,4854.93,113.3,TRADE
VIC1,26-11-2018 16:30,4932.24,111.27,TRADE
VIC1,26-11-2018 17:00,5046.23,138.35,TRADE
VIC1,26-11-2018 17:30,5034.55,113.2,TRADE
VIC1,26-11-2018 18:00,5038.95,101.11,TRADE
VIC1,26-11-2018 18:30,5008.71,123.89,TRADE
VIC1,26-11-2018 19:00,4974.74,120.66,TRADE
VIC1,26-11-2018 19:30,4949.98,118.75,TRADE
VIC1,26-11-2018 20:00,4969.85,128.92,TRADE
VIC1,26-11-2018 20:30,4942.87,120.27,TRADE
VIC1,26-11-2018 21:00,4796.89,107.55,TRADE
VIC1,26-11-2018 21:30,4593.01,104.95,TRADE
VIC1,26-11-2018 22:00,4414.89,96.06,TRADE
VIC1,26-11-2018 22:30,4234.38,88.43,TRADE
VIC1,26-11-2018 23:00,4186.73,131.1,TRADE
VIC1,26-11-2018 23:30,4408.48,137.11,TRADE
VIC1,27-11-2018 00:00,4397.58,144.17,TRADE
VIC1,27-11-2018 00:30,4220.07,99.83,TRADE
VIC1,27-11-2018 01:00,4139.72,158.15,TRADE
VIC1,27-11-2018 01:30,3999.88,99.08,TRADE
VIC1,27-11-2018 02:00,3817.25,70.43,TRADE
VIC1,27-11-2018 02:30,3741.44,73.35,TRADE
VIC1,27-11-2018 03:00,3696.55,67.47,TRADE
VIC1,27-11-2018 03:30,3695.2,68.09,TRADE
VIC1,27-11-2018 04:00,3712.67,68.5,TRADE
VIC1,27-11-2018 04:30,3835.4,82.15,TRADE
VIC1,27-11-2018 05:00,3982.29,109.31,TRADE
VIC1,27-11-2018 05:30,4336.32,131.58,TRADE
VIC1,27-11-2018 06:00,4645.82,115.89,TRADE
VIC1,27-11-2018 06:30,5021.33,183.5,TRADE
VIC1,27-11-2018 07:00,5205.83,159.8,TRADE
VIC1,27-11-2018 07:30,5129.68,129.78,TRADE
VIC1,27-11-2018 08:00,5054.87,155.69,TRADE
VIC1,27-11-2018 08:30,5016.35,121.57,TRADE
VIC1,27-11-2018 09:00,4998.94,133.36,TRADE
VIC1,27-11-2018 09:30,4866.46,122.48,TRADE
VIC1,27-11-2018 10:00,4930.12,160.84,TRADE
VIC1,27-11-2018 10:30,4831.85,105.86,TRADE
VIC1,27-11-2018 11:00,4813.75,114.64,TRADE
VIC1,27-11-2018 11:30,4773.92,112.76,TRADE
VIC1,27-11-2018 12:00,4761.64,121.59,TRADE
VIC1,27-11-2018 12:30,4705.88,112.7,TRADE
VIC1,27-11-2018 13:00,4680.61,95.58,TRADE
VIC1,27-11-2018 13:30,4707.69,94.9,TRADE
VIC1,27-11-2018 14:00,4698.92,92.41,TRADE
VIC1,27-11-2018 14:30,4725.23,78.46,TRADE
VIC1,27-11-2018 15:00,4754.48,83.53,TRADE
VIC1,27-11-2018 15:30,4790.1,82.73,TRADE
VIC1,27-11-2018 16:00,4910.35,87.48,TRADE
VIC1,27-11-2018 16:30,4910.44,114.25,TRADE
VIC1,27-11-2018 17:00,4970.82,98.72,TRADE
VIC1,27-11-2018 17:30,4937.65,106.58,TRADE
VIC1,27-11-2018 18:00,4985.51,105.55,TRADE
VIC1,27-11-2018 18:30,4901.17,101.6,TRADE
VIC1,27-11-2018 19:00,4853.13,116.48,TRADE
VIC1,27-11-2018 19:30,4825,114.88,TRADE
VIC1,27-11-2018 20:00,4846.7,131.13,TRADE
VIC1,27-11-2018 20:30,4762.78,114.31,TRADE
VIC1,27-11-2018 21:00,4593.42,88.01,TRADE
VIC1,27-11-2018 21:30,4459.63,87.68,TRADE
VIC1,27-11-2018 22:00,4258.08,99.6,TRADE
VIC1,27-11-2018 22:30,4138.16,112.91,TRADE
VIC1,27-11-2018 23:00,4089.16,85.44,TRADE
VIC1,27-11-2018 23:30,4283,87.91,TRADE
VIC1,28-11-2018 00:00,4319.3,124.4,TRADE
VIC1,28-11-2018 00:30,4160.43,68.02,TRADE
VIC1,28-11-2018 01:00,4008.22,55.5,TRADE
VIC1,28-11-2018 01:30,3921.2,61.67,TRADE
VIC1,28-11-2018 02:00,3773.74,58.48,TRADE
VIC1,28-11-2018 02:30,3681.68,63.91,TRADE
VIC1,28-11-2018 03:00,3662.23,57.44,TRADE
VIC1,28-11-2018 03:30,3678.86,59.48,TRADE
VIC1,28-11-2018 04:00,3675.95,66.51,TRADE
VIC1,28-11-2018 04:30,3782.02,64.45,TRADE
VIC1,28-11-2018 05:00,3905.13,62.63,TRADE
VIC1,28-11-2018 05:30,4160.37,88.66,TRADE
VIC1,28-11-2018 06:00,4450.19,128.82,TRADE
VIC1,28-11-2018 06:30,4722.83,148.51,TRADE
VIC1,28-11-2018 07:00,4891.39,133.72,TRADE
VIC1,28-11-2018 07:30,4731.65,113.56,TRADE
VIC1,28-11-2018 08:00,4597.26,114.2,TRADE
VIC1,28-11-2018 08:30,4597.87,119.93,TRADE
VIC1,28-11-2018 09:00,4568.57,119.97,TRADE
VIC1,28-11-2018 09:30,4556.6,109.11,TRADE
VIC1,28-11-2018 10:00,4552.06,102.86,TRADE
VIC1,28-11-2018 10:30,4557.99,98.4,TRADE
VIC1,28-11-2018 11:00,4550.03,99.04,TRADE
VIC1,28-11-2018 11:30,4511.45,75.93,TRADE
VIC1,28-11-2018 12:00,4492.82,66.25,TRADE
VIC1,28-11-2018 12:30,4501.38,59.9,TRADE
VIC1,28-11-2018 13:00,4559.17,55.87,TRADE
VIC1,28-11-2018 13:30,4606.5,61.68,TRADE
VIC1,28-11-2018 14:00,4596.24,57.7,TRADE
VIC1,28-11-2018 14:30,4481.48,55.8,TRADE
VIC1,28-11-2018 15:00,4506.54,61.91,TRADE
VIC1,28-11-2018 15:30,4585.57,76.95,TRADE
VIC1,28-11-2018 16:00,4687.26,92.82,TRADE
VIC1,28-11-2018 16:30,4781.11,101.5,TRADE
VIC1,28-11-2018 17:00,4893.22,154.81,TRADE
VIC1,28-11-2018 17:30,4846.86,107.62,TRADE
VIC1,28-11-2018 18:00,4831.34,98.17,TRADE
VIC1,28-11-2018 18:30,4845.29,140.86,TRADE
VIC1,28-11-2018 19:00,4816.36,112.44,TRADE
VIC1,28-11-2018 19:30,4859.45,138.69,TRADE
VIC1,28-11-2018 20:00,4923.54,115.31,TRADE
VIC1,28-11-2018 20:30,4850.74,176.05,TRADE
VIC1,28-11-2018 21:00,4696.69,107.07,TRADE
VIC1,28-11-2018 21:30,4547.7,111.97,TRADE
VIC1,28-11-2018 22:00,4405.73,105.63,TRADE
VIC1,28-11-2018 22:30,4282.64,115.08,TRADE
VIC1,28-11-2018 23:00,4248.43,99.95,TRADE
VIC1,28-11-2018 23:30,4506.57,163.64,TRADE
VIC1,29-11-2018 00:00,4550.49,255.48,TRADE
VIC1,29-11-2018 00:30,4315.91,156.4,TRADE
VIC1,29-11-2018 01:00,4197.33,123.65,TRADE
VIC1,29-11-2018 01:30,4121.68,116.27,TRADE
VIC1,29-11-2018 02:00,3954.7,109.65,TRADE
VIC1,29-11-2018 02:30,3894.58,121.68,TRADE
VIC1,29-11-2018 03:00,3804.73,125.81,TRADE
VIC1,29-11-2018 03:30,3800.62,117.11,TRADE
VIC1,29-11-2018 04:00,3790.36,106.93,TRADE
VIC1,29-11-2018 04:30,3978.14,129.32,TRADE
VIC1,29-11-2018 05:00,4104.55,110.64,TRADE
VIC1,29-11-2018 05:30,4411.3,123.93,TRADE
VIC1,29-11-2018 06:00,4729.49,186.74,TRADE
VIC1,29-11-2018 06:30,4989.87,138.48,TRADE
VIC1,29-11-2018 07:00,5168.21,127.57,TRADE
VIC1,29-11-2018 07:30,5094.92,95.83,TRADE
VIC1,29-11-2018 08:00,5090.56,98.66,TRADE
VIC1,29-11-2018 08:30,5124.91,111.6,TRADE
VIC1,29-11-2018 09:00,5052.39,114.25,TRADE
VIC1,29-11-2018 09:30,4982.62,114.4,TRADE
VIC1,29-11-2018 10:00,4985.64,144.43,TRADE
VIC1,29-11-2018 10:30,4945.52,109.72,TRADE
VIC1,29-11-2018 11:00,4972.6,110.81,TRADE
VIC1,29-11-2018 11:30,4981.72,113.4,TRADE
VIC1,29-11-2018 12:00,4874.25,113.12,TRADE
VIC1,29-11-2018 12:30,4818.6,102.61,TRADE
VIC1,29-11-2018 13:00,4738.53,97.59,TRADE
VIC1,29-11-2018 13:30,4698.18,95.45,TRADE
VIC1,29-11-2018 14:00,4672.59,95,TRADE
VIC1,29-11-2018 14:30,4659.69,90.44,TRADE
VIC1,29-11-2018 15:00,4703.35,93.22,TRADE
VIC1,29-11-2018 15:30,4815.6,97.52,TRADE
VIC1,29-11-2018 16:00,4909.08,102.25,TRADE
VIC1,29-11-2018 16:30,5029.82,100.08,TRADE
VIC1,29-11-2018 17:00,5125.75,110.12,TRADE
VIC1,29-11-2018 17:30,5123.37,93.89,TRADE
VIC1,29-11-2018 18:00,5129.7,106.7,TRADE
VIC1,29-11-2018 18:30,5110.86,118.1,TRADE
VIC1,29-11-2018 19:00,5095.07,148.72,TRADE
VIC1,29-11-2018 19:30,5093.83,141.02,TRADE
VIC1,29-11-2018 20:00,5106.49,119.56,TRADE
VIC1,29-11-2018 20:30,5012.92,112.2,TRADE
VIC1,29-11-2018 21:00,4854.41,99.86,TRADE
VIC1,29-11-2018 21:30,4700.93,97,TRADE
VIC1,29-11-2018 22:00,4494.37,91,TRADE
VIC1,29-11-2018 22:30,4409.38,105.02,TRADE
VIC1,29-11-2018 23:00,4376.79,97.67,TRADE
VIC1,29-11-2018 23:30,4577.08,101.3,TRADE
VIC1,30-11-2018 00:00,4593.8,139.63,TRADE
VIC1,30-11-2018 00:30,4413.59,111.49,TRADE
VIC1,30-11-2018 01:00,4263.52,108.51,TRADE
VIC1,30-11-2018 01:30,4146.33,97.81,TRADE
VIC1,30-11-2018 02:00,4015.92,101.4,TRADE
VIC1,30-11-2018 02:30,3927.43,98.9,TRADE
VIC1,30-11-2018 03:00,3883.13,97.93,TRADE
VIC1,30-11-2018 03:30,3889.76,99.16,TRADE
VIC1,30-11-2018 04:00,3938.41,167.44,TRADE
VIC1,30-11-2018 04:30,4045.15,119.85,TRADE
VIC1,30-11-2018 05:00,4225.1,103.38,TRADE
VIC1,30-11-2018 05:30,4482.31,149.24,TRADE
VIC1,30-11-2018 06:00,4719.86,112.68,TRADE
VIC1,30-11-2018 06:30,5038.32,121.52,TRADE
VIC1,30-11-2018 07:00,5223.05,110.91,TRADE
VIC1,30-11-2018 07:30,5150.7,94.41,TRADE
VIC1,30-11-2018 08:00,5109.83,92.49,TRADE
VIC1,30-11-2018 08:30,5075.17,103.04,TRADE
VIC1,30-11-2018 09:00,5010.96,98.37,TRADE
VIC1,30-11-2018 09:30,4933.32,88.08,TRADE
VIC1,30-11-2018 10:00,4898.65,89.33,TRADE
VIC1,30-11-2018 10:30,4814.74,99.21,TRADE
VIC1,30-11-2018 11:00,4752.34,88.6,TRADE
VIC1,30-11-2018 11:30,4688.87,88.33,TRADE
VIC1,30-11-2018 12:00,4658.06,86.01,TRADE
VIC1,30-11-2018 12:30,4586.73,83.49,TRADE
VIC1,30-11-2018 13:00,4523.29,65.54,TRADE
VIC1,30-11-2018 13:30,4483.99,62.07,TRADE
VIC1,30-11-2018 14:00,4510.21,71.97,TRADE
VIC1,30-11-2018 14:30,4459,66.3,TRADE
VIC1,30-11-2018 15:00,4470.54,67.36,TRADE
VIC1,30-11-2018 15:30,4510.13,77.18,TRADE
VIC1,30-11-2018 16:00,4580.43,82.47,TRADE
VIC1,30-11-2018 16:30,4638.51,83.45,TRADE
VIC1,30-11-2018 17:00,4714.8,101.81,TRADE
VIC1,30-11-2018 17:30,4734.9,99.12,TRADE
VIC1,30-11-2018 18:00,4814.3,114.15,TRADE
VIC1,30-11-2018 18:30,4754.28,114.94,TRADE
VIC1,30-11-2018 19:00,4772.56,180.55,TRADE
VIC1,30-11-2018 19:30,4785.74,164.85,TRADE
VIC1,30-11-2018 20:00,4848.38,158.69,TRADE
VIC1,30-11-2018 20:30,4831.47,127.12,TRADE
VIC1,30-11-2018 21:00,4711.03,123.98,TRADE
VIC1,30-11-2018 21:30,4619.43,111.66,TRADE
VIC1,30-11-2018 22:00,4488.06,116.97,TRADE
VIC1,30-11-2018 22:30,4409.8,130.66,TRADE
VIC1,30-11-2018 23:00,4344.89,106.1,TRADE
VIC1,30-11-2018 23:30,4572.85,122.64,TRADE
VIC1,01-12-2018 00:00,4579.83,111.31,TRADE
