REGION,SETTLEMENTDATE,RRP,PERIODTYPE,TOTALDEMAND
VIC1,01-03-2019 00:30,112.17,TRADE,5262.6
VIC1,01-03-2019 01:00,112.75,TRADE,5060.04
VIC1,01-03-2019 01:30,115.77,TRADE,4893.86
VIC1,01-03-2019 02:00,98.77,TRADE,4757.79
VIC1,01-03-2019 02:30,83.1,TRADE,4674.41
VIC1,01-03-2019 03:00,75.11,TRADE,4656.16
VIC1,01-03-2019 03:30,68.22,TRADE,4656.95
VIC1,01-03-2019 04:00,54.07,TRADE,4671.72
VIC1,01-03-2019 04:30,63.41,TRADE,4803.68
VIC1,01-03-2019 05:00,70.27,TRADE,4933.53
VIC1,01-03-2019 05:30,105.22,TRADE,5239.8
VIC1,01-03-2019 06:00,121.74,TRADE,5524.8
VIC1,01-03-2019 06:30,128.7,TRADE,5881.46
VIC1,01-03-2019 07:00,130.17,TRADE,6119.35
VIC1,01-03-2019 07:30,100.85,TRADE,6090.64
VIC1,01-03-2019 08:00,104.4,TRADE,6174.5
VIC1,01-03-2019 08:30,121.37,TRADE,6369.22
VIC1,01-03-2019 09:00,125.44,TRADE,6396.37
VIC1,01-03-2019 09:30,140.39,TRADE,6581.03
VIC1,01-03-2019 10:00,136.91,TRADE,6743.9
VIC1,01-03-2019 10:30,124.98,TRADE,6939.97
VIC1,01-03-2019 11:00,171.55,TRADE,7141.76
VIC1,01-03-2019 11:30,117,TRADE,7297.49
VIC1,01-03-2019 12:00,133.83,TRADE,7494.84
VIC1,01-03-2019 12:30,172.78,TRADE,7671.11
VIC1,01-03-2019 13:00,218.86,TRADE,7927.16
VIC1,01-03-2019 13:30,317.54,TRADE,8162.83
VIC1,01-03-2019 14:00,134.9,TRADE,8379.97
VIC1,01-03-2019 14:30,824.43,TRADE,8500.18
VIC1,01-03-2019 15:00,251.94,TRADE,8705.54
VIC1,01-03-2019 15:30,3846.98,TRADE,8992.67
VIC1,01-03-2019 16:00,6914.61,TRADE,9083.27
VIC1,01-03-2019 16:30,12634.81,TRADE,9144.48
VIC1,01-03-2019 17:00,12471.61,TRADE,9289.5
VIC1,01-03-2019 17:30,3571.65,TRADE,8917.7
VIC1,01-03-2019 18:00,227.89,TRADE,8952.61
VIC1,01-03-2019 18:30,1910.79,TRADE,8794.91
VIC1,01-03-2019 19:00,127.06,TRADE,8556.09
VIC1,01-03-2019 19:30,194.29,TRADE,8361.32
VIC1,01-03-2019 20:00,111.26,TRADE,8139.59
VIC1,01-03-2019 20:30,106.35,TRADE,7650.96
VIC1,01-03-2019 21:00,128.38,TRADE,7289.79
VIC1,01-03-2019 21:30,125.9,TRADE,6855.63
VIC1,01-03-2019 22:00,112.97,TRADE,6421.22
VIC1,01-03-2019 22:30,129.99,TRADE,6040.43
VIC1,01-03-2019 23:00,93.8,TRADE,5789.1
VIC1,01-03-2019 23:30,102.42,TRADE,5772.61
VIC1,02-03-2019 00:00,109.2,TRADE,5588.06
VIC1,02-03-2019 00:30,79.92,TRADE,5233.95
VIC1,02-03-2019 01:00,52.05,TRADE,5044.52
VIC1,02-03-2019 01:30,31,TRADE,4886.51
VIC1,02-03-2019 02:00,23.89,TRADE,4695.4
VIC1,02-03-2019 02:30,26.62,TRADE,4538.93
VIC1,02-03-2019 03:00,29.12,TRADE,4458.59
VIC1,02-03-2019 03:30,23.73,TRADE,4360.96
VIC1,02-03-2019 04:00,25.39,TRADE,4350.58
VIC1,02-03-2019 04:30,27.42,TRADE,4359.45
VIC1,02-03-2019 05:00,27.04,TRADE,4422.52
VIC1,02-03-2019 05:30,36.21,TRADE,4509.76
VIC1,02-03-2019 06:00,29.1,TRADE,4620.49
VIC1,02-03-2019 06:30,39.86,TRADE,4699.43
VIC1,02-03-2019 07:00,44.12,TRADE,4883.66
VIC1,02-03-2019 07:30,58,TRADE,4980.21
VIC1,02-03-2019 08:00,82.37,TRADE,5139.74
VIC1,02-03-2019 08:30,97.85,TRADE,5303.87
VIC1,02-03-2019 09:00,104.5,TRADE,5421.71
VIC1,02-03-2019 09:30,105.47,TRADE,5557.46
VIC1,02-03-2019 10:00,105.18,TRADE,5751.86
VIC1,02-03-2019 10:30,107.56,TRADE,5915.57
VIC1,02-03-2019 11:00,113.69,TRADE,6068.72
VIC1,02-03-2019 11:30,125.45,TRADE,6173.71
VIC1,02-03-2019 12:00,104.5,TRADE,6355.8
VIC1,02-03-2019 12:30,117.5,TRADE,6485.71
VIC1,02-03-2019 13:00,131.05,TRADE,6690.75
VIC1,02-03-2019 13:30,148.88,TRADE,6885.27
VIC1,02-03-2019 14:00,153.15,TRADE,7105.57
VIC1,02-03-2019 14:30,145.63,TRADE,7344.91
VIC1,02-03-2019 15:00,264.9,TRADE,7540.74
VIC1,02-03-2019 15:30,181.86,TRADE,7700.84
VIC1,02-03-2019 16:00,144.4,TRADE,7981.18
VIC1,02-03-2019 16:30,239.56,TRADE,8131.94
VIC1,02-03-2019 17:00,260.06,TRADE,8261.88
VIC1,02-03-2019 17:30,219.13,TRADE,8304.64
VIC1,02-03-2019 18:00,284.81,TRADE,8354.53
VIC1,02-03-2019 18:30,289.06,TRADE,8230.21
VIC1,02-03-2019 19:00,211.88,TRADE,7947.33
VIC1,02-03-2019 19:30,221.41,TRADE,7649.17
VIC1,02-03-2019 20:00,136.96,TRADE,7455.82
VIC1,02-03-2019 20:30,132.62,TRADE,7142.08
VIC1,02-03-2019 21:00,117.58,TRADE,6730
VIC1,02-03-2019 21:30,137.43,TRADE,6390.73
VIC1,02-03-2019 22:00,112.41,TRADE,6073.96
VIC1,02-03-2019 22:30,109.09,TRADE,5766.87
VIC1,02-03-2019 23:00,106.28,TRADE,5488.16
VIC1,02-03-2019 23:30,196.06,TRADE,5546.48
VIC1,03-03-2019 00:00,220.26,TRADE,5419.92
VIC1,03-03-2019 00:30,132.54,TRADE,5081.7
VIC1,03-03-2019 01:00,119.54,TRADE,4854.81
VIC1,03-03-2019 01:30,106.18,TRADE,4671.94
VIC1,03-03-2019 02:00,111.01,TRADE,4483.96
VIC1,03-03-2019 02:30,101.05,TRADE,4334.58
VIC1,03-03-2019 03:00,154.49,TRADE,4304.44
VIC1,03-03-2019 03:30,113.78,TRADE,4249.58
VIC1,03-03-2019 04:00,110.05,TRADE,4213.13
VIC1,03-03-2019 04:30,108.73,TRADE,4170.07
VIC1,03-03-2019 05:00,107.41,TRADE,4216.85
VIC1,03-03-2019 05:30,100.83,TRADE,4335.21
VIC1,03-03-2019 06:00,109.3,TRADE,4406.56
VIC1,03-03-2019 06:30,113.61,TRADE,4477.67
VIC1,03-03-2019 07:00,50.7,TRADE,4611.25
VIC1,03-03-2019 07:30,37.57,TRADE,4653.17
VIC1,03-03-2019 08:00,72.33,TRADE,4801.4
VIC1,03-03-2019 08:30,69.25,TRADE,4946.18
VIC1,03-03-2019 09:00,173.07,TRADE,5193.58
VIC1,03-03-2019 09:30,85.81,TRADE,5423.52
VIC1,03-03-2019 10:00,96.39,TRADE,5591.29
VIC1,03-03-2019 10:30,103.22,TRADE,5841.34
VIC1,03-03-2019 11:00,132.89,TRADE,6054.29
VIC1,03-03-2019 11:30,142.78,TRADE,6269.57
VIC1,03-03-2019 12:00,126.43,TRADE,6487.95
VIC1,03-03-2019 12:30,181.86,TRADE,6727.38
VIC1,03-03-2019 13:00,223.97,TRADE,6943.81
VIC1,03-03-2019 13:30,150.25,TRADE,7125.63
VIC1,03-03-2019 14:00,153.99,TRADE,7337.66
VIC1,03-03-2019 14:30,194.53,TRADE,7524.91
VIC1,03-03-2019 15:00,248.78,TRADE,7674.69
VIC1,03-03-2019 15:30,262.2,TRADE,7694.67
VIC1,03-03-2019 16:00,245.13,TRADE,7795.6
VIC1,03-03-2019 16:30,292.34,TRADE,7800.63
VIC1,03-03-2019 17:00,262.01,TRADE,7786.01
VIC1,03-03-2019 17:30,221.65,TRADE,7717.54
VIC1,03-03-2019 18:00,245.12,TRADE,7705.97
VIC1,03-03-2019 18:30,181.74,TRADE,7413.81
VIC1,03-03-2019 19:00,142.61,TRADE,6982.79
VIC1,03-03-2019 19:30,118.25,TRADE,6570.7
VIC1,03-03-2019 20:00,114.18,TRADE,6333.16
VIC1,03-03-2019 20:30,109.01,TRADE,5955.95
VIC1,03-03-2019 21:00,141.28,TRADE,5696.22
VIC1,03-03-2019 21:30,124.21,TRADE,5366.98
VIC1,03-03-2019 22:00,128.22,TRADE,5159.22
VIC1,03-03-2019 22:30,123.01,TRADE,4964.16
VIC1,03-03-2019 23:00,117.24,TRADE,4800.76
VIC1,03-03-2019 23:30,135.09,TRADE,5023.17
VIC1,04-03-2019 00:00,128.69,TRADE,4995.75
VIC1,04-03-2019 00:30,118.69,TRADE,4765.9
VIC1,04-03-2019 01:00,101.78,TRADE,4598.03
VIC1,04-03-2019 01:30,87.33,TRADE,4534.5
VIC1,04-03-2019 02:00,98.55,TRADE,4382.61
VIC1,04-03-2019 02:30,98.1,TRADE,4295.72
VIC1,04-03-2019 03:00,90.17,TRADE,4242.67
VIC1,04-03-2019 03:30,99.79,TRADE,4286.71
VIC1,04-03-2019 04:00,92.29,TRADE,4342
VIC1,04-03-2019 04:30,93.43,TRADE,4462.22
VIC1,04-03-2019 05:00,99.79,TRADE,4621
VIC1,04-03-2019 05:30,146.55,TRADE,4968.96
VIC1,04-03-2019 06:00,193.83,TRADE,5341
VIC1,04-03-2019 06:30,165.18,TRADE,5707.3
VIC1,04-03-2019 07:00,218.9,TRADE,5933.76
VIC1,04-03-2019 07:30,138.63,TRADE,5868.77
VIC1,04-03-2019 08:00,119.96,TRADE,5858.91
VIC1,04-03-2019 08:30,139.53,TRADE,5961.06
VIC1,04-03-2019 09:00,130.86,TRADE,5859.18
VIC1,04-03-2019 09:30,131.36,TRADE,5843.46
VIC1,04-03-2019 10:00,130.45,TRADE,5876.14
VIC1,04-03-2019 10:30,132.78,TRADE,5876.46
VIC1,04-03-2019 11:00,125.93,TRADE,5950.76
VIC1,04-03-2019 11:30,120.27,TRADE,6000.05
VIC1,04-03-2019 12:00,128.13,TRADE,6105.01
VIC1,04-03-2019 12:30,196.69,TRADE,6238.36
VIC1,04-03-2019 13:00,164.67,TRADE,6405.16
VIC1,04-03-2019 13:30,131.57,TRADE,6524.91
VIC1,04-03-2019 14:00,137.31,TRADE,6640.51
VIC1,04-03-2019 14:30,139.97,TRADE,6672.97
VIC1,04-03-2019 15:00,148.96,TRADE,6851.83
VIC1,04-03-2019 15:30,235.35,TRADE,7055.87
VIC1,04-03-2019 16:00,212.06,TRADE,7214.07
VIC1,04-03-2019 16:30,142.44,TRADE,7177.36
VIC1,04-03-2019 17:00,127.34,TRADE,7151.02
VIC1,04-03-2019 17:30,129.68,TRADE,6958.88
VIC1,04-03-2019 18:00,120.87,TRADE,6714.69
VIC1,04-03-2019 18:30,110.89,TRADE,6434.04
VIC1,04-03-2019 19:00,116.48,TRADE,6198.36
VIC1,04-03-2019 19:30,114.87,TRADE,6091.61
VIC1,04-03-2019 20:00,114.55,TRADE,5976.06
VIC1,04-03-2019 20:30,116.81,TRADE,5718.15
VIC1,04-03-2019 21:00,120.22,TRADE,5466.47
VIC1,04-03-2019 21:30,119.21,TRADE,5260.95
VIC1,04-03-2019 22:00,132.06,TRADE,5039.09
VIC1,04-03-2019 22:30,132.74,TRADE,4857.89
VIC1,04-03-2019 23:00,132.8,TRADE,4784.06
VIC1,04-03-2019 23:30,132.35,TRADE,4947.38
VIC1,05-03-2019 00:00,136.75,TRADE,4921.56
VIC1,05-03-2019 00:30,133.54,TRADE,4664.53
VIC1,05-03-2019 01:00,133.52,TRADE,4514.05
VIC1,05-03-2019 01:30,132.19,TRADE,4442.06
VIC1,05-03-2019 02:00,133.74,TRADE,4333.28
VIC1,05-03-2019 02:30,109.4,TRADE,4257.08
VIC1,05-03-2019 03:00,122.58,TRADE,4202.78
VIC1,05-03-2019 03:30,133.72,TRADE,4231.09
VIC1,05-03-2019 04:00,137.34,TRADE,4263.49
VIC1,05-03-2019 04:30,132.02,TRADE,4404.79
VIC1,05-03-2019 05:00,132.15,TRADE,4519.96
VIC1,05-03-2019 05:30,154.96,TRADE,4861.34
VIC1,05-03-2019 06:00,146.94,TRADE,5212.58
VIC1,05-03-2019 06:30,137.7,TRADE,5540.77
VIC1,05-03-2019 07:00,181.93,TRADE,5726.46
VIC1,05-03-2019 07:30,137.8,TRADE,5694.93
VIC1,05-03-2019 08:00,136.97,TRADE,5685.92
VIC1,05-03-2019 08:30,129.94,TRADE,5759.79
VIC1,05-03-2019 09:00,112.92,TRADE,5722.62
VIC1,05-03-2019 09:30,127.5,TRADE,5761.7
VIC1,05-03-2019 10:00,128.27,TRADE,5768.97
VIC1,05-03-2019 10:30,126.41,TRADE,5733.78
VIC1,05-03-2019 11:00,131.74,TRADE,5752.04
VIC1,05-03-2019 11:30,129.38,TRADE,5718.02
VIC1,05-03-2019 12:00,108.85,TRADE,5703.69
VIC1,05-03-2019 12:30,110.31,TRADE,5691.7
VIC1,05-03-2019 13:00,111.22,TRADE,5759.46
VIC1,05-03-2019 13:30,132.8,TRADE,5825.22
VIC1,05-03-2019 14:00,121.93,TRADE,5804.53
VIC1,05-03-2019 14:30,110.86,TRADE,5820.52
VIC1,05-03-2019 15:00,113.03,TRADE,5747.71
VIC1,05-03-2019 15:30,108.54,TRADE,5750.96
VIC1,05-03-2019 16:00,108.07,TRADE,5805.71
VIC1,05-03-2019 16:30,101.61,TRADE,5891.81
VIC1,05-03-2019 17:00,105.27,TRADE,5946.69
VIC1,05-03-2019 17:30,109.04,TRADE,5810.18
VIC1,05-03-2019 18:00,107.74,TRADE,5765.7
VIC1,05-03-2019 18:30,97.05,TRADE,5660.92
VIC1,05-03-2019 19:00,110.2,TRADE,5575.12
VIC1,05-03-2019 19:30,101.02,TRADE,5502.51
VIC1,05-03-2019 20:00,102.2,TRADE,5402.16
VIC1,05-03-2019 20:30,94.08,TRADE,5226.19
VIC1,05-03-2019 21:00,103.87,TRADE,5038.46
VIC1,05-03-2019 21:30,109.12,TRADE,4824.57
VIC1,05-03-2019 22:00,91.84,TRADE,4590.53
VIC1,05-03-2019 22:30,68.8,TRADE,4395.35
VIC1,05-03-2019 23:00,52.24,TRADE,4364.12
VIC1,05-03-2019 23:30,66.38,TRADE,4549.66
VIC1,06-03-2019 00:00,69.65,TRADE,4549.67
VIC1,06-03-2019 00:30,55.15,TRADE,4369.67
VIC1,06-03-2019 01:00,25.78,TRADE,4221.63
VIC1,06-03-2019 01:30,17.12,TRADE,4141.53
VIC1,06-03-2019 02:00,28.45,TRADE,4036.51
VIC1,06-03-2019 02:30,26.5,TRADE,3893.09
VIC1,06-03-2019 03:00,30.01,TRADE,3846.78
VIC1,06-03-2019 03:30,11.51,TRADE,3804.96
VIC1,06-03-2019 04:00,26.5,TRADE,3792.32
VIC1,06-03-2019 04:30,37.85,TRADE,3944.14
VIC1,06-03-2019 05:00,35.24,TRADE,4016.26
VIC1,06-03-2019 05:30,54.86,TRADE,4365.32
VIC1,06-03-2019 06:00,85.39,TRADE,4597.77
VIC1,06-03-2019 06:30,115.03,TRADE,4888.63
VIC1,06-03-2019 07:00,120.53,TRADE,5045.68
VIC1,06-03-2019 07:30,107.34,TRADE,4981.2
VIC1,06-03-2019 08:00,101.31,TRADE,4907.03
VIC1,06-03-2019 08:30,90.05,TRADE,4775.12
VIC1,06-03-2019 09:00,71.15,TRADE,4698.97
VIC1,06-03-2019 09:30,77.88,TRADE,4625.2
VIC1,06-03-2019 10:00,83.97,TRADE,4616.05
VIC1,06-03-2019 10:30,91.15,TRADE,4581.86
VIC1,06-03-2019 11:00,98.04,TRADE,4596.9
VIC1,06-03-2019 11:30,52.98,TRADE,4499.11
VIC1,06-03-2019 12:00,26.69,TRADE,4359
VIC1,06-03-2019 12:30,52.34,TRADE,4375.54
VIC1,06-03-2019 13:00,88.76,TRADE,4482.38
VIC1,06-03-2019 13:30,28.3,TRADE,4465.86
VIC1,06-03-2019 14:00,7.46,TRADE,4301.35
VIC1,06-03-2019 14:30,8.99,TRADE,4391.66
VIC1,06-03-2019 15:00,51.05,TRADE,4530.88
VIC1,06-03-2019 15:30,88.48,TRADE,4552.22
VIC1,06-03-2019 16:00,52.34,TRADE,4573.53
VIC1,06-03-2019 16:30,72.81,TRADE,4711.51
VIC1,06-03-2019 17:00,89.43,TRADE,4800.92
VIC1,06-03-2019 17:30,102.38,TRADE,4847.69
VIC1,06-03-2019 18:00,112.36,TRADE,4889.54
VIC1,06-03-2019 18:30,114.71,TRADE,4923.59
VIC1,06-03-2019 19:00,156.57,TRADE,4923.32
VIC1,06-03-2019 19:30,146.23,TRADE,5086.32
VIC1,06-03-2019 20:00,126.77,TRADE,5079.77
VIC1,06-03-2019 20:30,123.85,TRADE,4949.55
VIC1,06-03-2019 21:00,111.17,TRADE,4812.56
VIC1,06-03-2019 21:30,107.78,TRADE,4657.9
VIC1,06-03-2019 22:00,89,TRADE,4522.16
VIC1,06-03-2019 22:30,86.33,TRADE,4437.09
VIC1,06-03-2019 23:00,77.66,TRADE,4375.93
VIC1,06-03-2019 23:30,93.67,TRADE,4601.56
VIC1,07-03-2019 00:00,95.73,TRADE,4586.83
VIC1,07-03-2019 00:30,90.58,TRADE,4388.39
VIC1,07-03-2019 01:00,83.54,TRADE,4276.45
VIC1,07-03-2019 01:30,69.18,TRADE,4211.99
VIC1,07-03-2019 02:00,76.5,TRADE,4141.15
VIC1,07-03-2019 02:30,73.94,TRADE,4085.57
VIC1,07-03-2019 03:00,85.92,TRADE,4011.33
VIC1,07-03-2019 03:30,90.17,TRADE,3999.67
VIC1,07-03-2019 04:00,84.72,TRADE,4058.8
VIC1,07-03-2019 04:30,84.94,TRADE,4161.86
VIC1,07-03-2019 05:00,89.15,TRADE,4354.57
VIC1,07-03-2019 05:30,112.22,TRADE,4652.84
VIC1,07-03-2019 06:00,129.78,TRADE,4998.17
VIC1,07-03-2019 06:30,131.47,TRADE,5347.69
VIC1,07-03-2019 07:00,135.72,TRADE,5582.21
VIC1,07-03-2019 07:30,112.47,TRADE,5455.62
VIC1,07-03-2019 08:00,108.94,TRADE,5320.48
VIC1,07-03-2019 08:30,100.24,TRADE,5195.23
VIC1,07-03-2019 09:00,97.99,TRADE,5055.29
VIC1,07-03-2019 09:30,94.78,TRADE,4928.33
VIC1,07-03-2019 10:00,101.36,TRADE,4845.59
VIC1,07-03-2019 10:30,89.37,TRADE,4799.89
VIC1,07-03-2019 11:00,97.45,TRADE,4688.02
VIC1,07-03-2019 11:30,93.63,TRADE,4645.27
VIC1,07-03-2019 12:00,76.47,TRADE,4611.47
VIC1,07-03-2019 12:30,71.3,TRADE,4613.77
VIC1,07-03-2019 13:00,71.44,TRADE,4621.27
VIC1,07-03-2019 13:30,82.65,TRADE,4634.06
VIC1,07-03-2019 14:00,86.43,TRADE,4649.78
VIC1,07-03-2019 14:30,109,TRADE,4710.13
VIC1,07-03-2019 15:00,110.6,TRADE,4780.24
VIC1,07-03-2019 15:30,102.45,TRADE,4911.38
VIC1,07-03-2019 16:00,114.17,TRADE,5025.91
VIC1,07-03-2019 16:30,95.43,TRADE,5193.11
VIC1,07-03-2019 17:00,100.17,TRADE,5231.01
VIC1,07-03-2019 17:30,113.75,TRADE,5276.86
VIC1,07-03-2019 18:00,108.23,TRADE,5264.38
VIC1,07-03-2019 18:30,130.7,TRADE,5300.42
VIC1,07-03-2019 19:00,120.61,TRADE,5285.04
VIC1,07-03-2019 19:30,140.71,TRADE,5311.68
VIC1,07-03-2019 20:00,128.62,TRADE,5255.18
VIC1,07-03-2019 20:30,115.96,TRADE,5044.84
VIC1,07-03-2019 21:00,115.76,TRADE,4916.72
VIC1,07-03-2019 21:30,117.08,TRADE,4717.81
VIC1,07-03-2019 22:00,126.66,TRADE,4550.11
VIC1,07-03-2019 22:30,110.6,TRADE,4424.05
VIC1,07-03-2019 23:00,99.73,TRADE,4355.55
VIC1,07-03-2019 23:30,121.87,TRADE,4563.72
VIC1,08-03-2019 00:00,129.55,TRADE,4581.24
VIC1,08-03-2019 00:30,132.18,TRADE,4364.03
VIC1,08-03-2019 01:00,120.42,TRADE,4240.28
VIC1,08-03-2019 01:30,99.24,TRADE,4151.31
VIC1,08-03-2019 02:00,72.1,TRADE,4013.53
VIC1,08-03-2019 02:30,73.02,TRADE,3984.73
VIC1,08-03-2019 03:00,70.94,TRADE,3906.76
VIC1,08-03-2019 03:30,71.52,TRADE,3927.35
VIC1,08-03-2019 04:00,70.84,TRADE,3903.2
VIC1,08-03-2019 04:30,73.3,TRADE,4074.3
VIC1,08-03-2019 05:00,97.08,TRADE,4165.32
VIC1,08-03-2019 05:30,131.93,TRADE,4523.48
VIC1,08-03-2019 06:00,120.69,TRADE,4742.76
VIC1,08-03-2019 06:30,128.75,TRADE,5128.42
VIC1,08-03-2019 07:00,142.05,TRADE,5387.48
VIC1,08-03-2019 07:30,106.2,TRADE,5253.74
VIC1,08-03-2019 08:00,101.63,TRADE,5277.63
VIC1,08-03-2019 08:30,102.15,TRADE,5212.26
VIC1,08-03-2019 09:00,99.31,TRADE,5196.58
VIC1,08-03-2019 09:30,96.52,TRADE,5172.77
VIC1,08-03-2019 10:00,92.68,TRADE,5152.42
VIC1,08-03-2019 10:30,86.34,TRADE,5146.32
VIC1,08-03-2019 11:00,77.87,TRADE,5072.06
VIC1,08-03-2019 11:30,84.1,TRADE,5019.56
VIC1,08-03-2019 12:00,85.18,TRADE,5074.04
VIC1,08-03-2019 12:30,102.61,TRADE,5129.67
VIC1,08-03-2019 13:00,99.79,TRADE,5269.35
VIC1,08-03-2019 13:30,96.57,TRADE,5278.45
VIC1,08-03-2019 14:00,112.38,TRADE,5337.15
VIC1,08-03-2019 14:30,116.92,TRADE,5423.41
VIC1,08-03-2019 15:00,117.46,TRADE,5503.65
VIC1,08-03-2019 15:30,125.49,TRADE,5518.58
VIC1,08-03-2019 16:00,155.04,TRADE,5490.7
VIC1,08-03-2019 16:30,133.44,TRADE,5452.09
VIC1,08-03-2019 17:00,119.43,TRADE,5461.76
VIC1,08-03-2019 17:30,105.3,TRADE,5375.16
VIC1,08-03-2019 18:00,104.48,TRADE,5316.59
VIC1,08-03-2019 18:30,100.14,TRADE,5216.98
VIC1,08-03-2019 19:00,109.05,TRADE,5175.09
VIC1,08-03-2019 19:30,106.84,TRADE,5164.39
VIC1,08-03-2019 20:00,110.21,TRADE,5120.79
VIC1,08-03-2019 20:30,115.56,TRADE,4980.16
VIC1,08-03-2019 21:00,124.72,TRADE,4806.1
VIC1,08-03-2019 21:30,110.36,TRADE,4698.58
VIC1,08-03-2019 22:00,124.52,TRADE,4605.44
VIC1,08-03-2019 22:30,118.97,TRADE,4512.39
VIC1,08-03-2019 23:00,98.27,TRADE,4432.81
VIC1,08-03-2019 23:30,115.83,TRADE,4621.54
VIC1,09-03-2019 00:00,124.42,TRADE,4615.66
VIC1,09-03-2019 00:30,95.14,TRADE,4378.28
VIC1,09-03-2019 01:00,88.56,TRADE,4254.89
VIC1,09-03-2019 01:30,91.02,TRADE,4164.93
VIC1,09-03-2019 02:00,92.99,TRADE,4049.33
VIC1,09-03-2019 02:30,103.17,TRADE,3953.17
VIC1,09-03-2019 03:00,105.23,TRADE,3888
VIC1,09-03-2019 03:30,93.33,TRADE,3883.8
VIC1,09-03-2019 04:00,99.07,TRADE,3855.85
VIC1,09-03-2019 04:30,96.12,TRADE,3919.19
VIC1,09-03-2019 05:00,82.36,TRADE,3936.25
VIC1,09-03-2019 05:30,86.21,TRADE,4128.99
VIC1,09-03-2019 06:00,95.03,TRADE,4182.29
VIC1,09-03-2019 06:30,108.62,TRADE,4317.31
VIC1,09-03-2019 07:00,117.02,TRADE,4396.9
VIC1,09-03-2019 07:30,109.9,TRADE,4416.46
VIC1,09-03-2019 08:00,98.67,TRADE,4483.84
VIC1,09-03-2019 08:30,93.3,TRADE,4475.77
VIC1,09-03-2019 09:00,84.68,TRADE,4433.19
VIC1,09-03-2019 09:30,87.31,TRADE,4408.95
VIC1,09-03-2019 10:00,84.42,TRADE,4394.81
VIC1,09-03-2019 10:30,83.33,TRADE,4369.1
VIC1,09-03-2019 11:00,78.71,TRADE,4312.13
VIC1,09-03-2019 11:30,73.84,TRADE,4282.47
VIC1,09-03-2019 12:00,55.2,TRADE,4286.75
VIC1,09-03-2019 12:30,68.16,TRADE,4309.82
VIC1,09-03-2019 13:00,67.7,TRADE,4354.55
VIC1,09-03-2019 13:30,67.96,TRADE,4360.95
VIC1,09-03-2019 14:00,70.42,TRADE,4389.81
VIC1,09-03-2019 14:30,71.73,TRADE,4411.95
VIC1,09-03-2019 15:00,50.1,TRADE,4521.47
VIC1,09-03-2019 15:30,64.88,TRADE,4620.29
VIC1,09-03-2019 16:00,70.06,TRADE,4795.21
VIC1,09-03-2019 16:30,77.91,TRADE,4907.97
VIC1,09-03-2019 17:00,94.55,TRADE,5050.42
VIC1,09-03-2019 17:30,106.56,TRADE,5117.62
VIC1,09-03-2019 18:00,95.26,TRADE,5098.62
VIC1,09-03-2019 18:30,107.43,TRADE,5015.93
VIC1,09-03-2019 19:00,119.98,TRADE,4984.45
VIC1,09-03-2019 19:30,136.11,TRADE,5005.58
VIC1,09-03-2019 20:00,143.1,TRADE,4959.65
VIC1,09-03-2019 20:30,119.74,TRADE,4829.85
VIC1,09-03-2019 21:00,131.97,TRADE,4660.9
VIC1,09-03-2019 21:30,121.32,TRADE,4565.11
VIC1,09-03-2019 22:00,91.2,TRADE,4525.3
VIC1,09-03-2019 22:30,110.94,TRADE,4426.69
VIC1,09-03-2019 23:00,101.11,TRADE,4413.76
VIC1,09-03-2019 23:30,125.04,TRADE,4595.66
VIC1,10-03-2019 00:00,118.64,TRADE,4597.47
VIC1,10-03-2019 00:30,96.52,TRADE,4391.18
VIC1,10-03-2019 01:00,89.08,TRADE,4256.02
VIC1,10-03-2019 01:30,112.75,TRADE,4119.13
VIC1,10-03-2019 02:00,77.55,TRADE,4005.54
VIC1,10-03-2019 02:30,80.76,TRADE,3953.98
VIC1,10-03-2019 03:00,75.85,TRADE,3877.17
VIC1,10-03-2019 03:30,75.12,TRADE,3867.5
VIC1,10-03-2019 04:00,70.29,TRADE,3859.2
VIC1,10-03-2019 04:30,69.24,TRADE,3831.01
VIC1,10-03-2019 05:00,68.8,TRADE,3814.42
VIC1,10-03-2019 05:30,75.95,TRADE,3873.48
VIC1,10-03-2019 06:00,63.94,TRADE,3925.94
VIC1,10-03-2019 06:30,64.75,TRADE,3928.79
VIC1,10-03-2019 07:00,58.02,TRADE,4009.79
VIC1,10-03-2019 07:30,57.62,TRADE,4005.35
VIC1,10-03-2019 08:00,63.52,TRADE,4108.24
VIC1,10-03-2019 08:30,70.43,TRADE,4184.74
VIC1,10-03-2019 09:00,60.82,TRADE,4248.03
VIC1,10-03-2019 09:30,55.25,TRADE,4284.04
VIC1,10-03-2019 10:00,48.01,TRADE,4232.47
VIC1,10-03-2019 10:30,47.48,TRADE,4269.53
VIC1,10-03-2019 11:00,46.79,TRADE,4326.94
VIC1,10-03-2019 11:30,30.06,TRADE,4366.01
VIC1,10-03-2019 12:00,26.84,TRADE,4253
VIC1,10-03-2019 12:30,38.6,TRADE,4283.47
VIC1,10-03-2019 13:00,48.24,TRADE,4383.49
VIC1,10-03-2019 13:30,59.51,TRADE,4516.51
VIC1,10-03-2019 14:00,73.18,TRADE,4545.14
VIC1,10-03-2019 14:30,72.5,TRADE,4452.88
VIC1,10-03-2019 15:00,66.44,TRADE,4341.61
VIC1,10-03-2019 15:30,67.3,TRADE,4268.17
VIC1,10-03-2019 16:00,30.81,TRADE,4077.72
VIC1,10-03-2019 16:30,57.61,TRADE,4159.19
VIC1,10-03-2019 17:00,84.7,TRADE,4292.2
VIC1,10-03-2019 17:30,100.66,TRADE,4446.31
VIC1,10-03-2019 18:00,92.14,TRADE,4518.15
VIC1,10-03-2019 18:30,91.59,TRADE,4559.74
VIC1,10-03-2019 19:00,108.5,TRADE,4599.8
VIC1,10-03-2019 19:30,107.85,TRADE,4666.39
VIC1,10-03-2019 20:00,98.21,TRADE,4657.27
VIC1,10-03-2019 20:30,99.19,TRADE,4520.59
VIC1,10-03-2019 21:00,93.45,TRADE,4493.59
VIC1,10-03-2019 21:30,92.21,TRADE,4406.19
VIC1,10-03-2019 22:00,77.23,TRADE,4332.9
VIC1,10-03-2019 22:30,99.96,TRADE,4240.13
VIC1,10-03-2019 23:00,91.23,TRADE,4212.56
VIC1,10-03-2019 23:30,93.45,TRADE,4425.14
VIC1,11-03-2019 00:00,115.91,TRADE,4432.02
VIC1,11-03-2019 00:30,83.97,TRADE,4211.55
VIC1,11-03-2019 01:00,69.8,TRADE,4126.51
VIC1,11-03-2019 01:30,68.39,TRADE,4076.81
VIC1,11-03-2019 02:00,75.18,TRADE,4010.92
VIC1,11-03-2019 02:30,84.17,TRADE,3924.69
VIC1,11-03-2019 03:00,75.49,TRADE,3806.03
VIC1,11-03-2019 03:30,78.16,TRADE,3815.34
VIC1,11-03-2019 04:00,81.17,TRADE,3786.51
VIC1,11-03-2019 04:30,76.62,TRADE,3869.61
VIC1,11-03-2019 05:00,72.27,TRADE,3905.22
VIC1,11-03-2019 05:30,89.38,TRADE,4029.47
VIC1,11-03-2019 06:00,83.15,TRADE,4069.47
VIC1,11-03-2019 06:30,99.98,TRADE,4146.54
VIC1,11-03-2019 07:00,109.04,TRADE,4238.76
VIC1,11-03-2019 07:30,91.54,TRADE,4216.21
VIC1,11-03-2019 08:00,84.17,TRADE,4265.26
VIC1,11-03-2019 08:30,87.62,TRADE,4280.89
VIC1,11-03-2019 09:00,92.28,TRADE,4299.73
VIC1,11-03-2019 09:30,88.07,TRADE,4318.47
VIC1,11-03-2019 10:00,84.42,TRADE,4328.55
VIC1,11-03-2019 10:30,84.9,TRADE,4317.52
VIC1,11-03-2019 11:00,92.03,TRADE,4343.21
VIC1,11-03-2019 11:30,82.16,TRADE,4311.1
VIC1,11-03-2019 12:00,79.86,TRADE,4266.56
VIC1,11-03-2019 12:30,70.25,TRADE,4321.47
VIC1,11-03-2019 13:00,56.9,TRADE,4301.55
VIC1,11-03-2019 13:30,75.8,TRADE,4236.23
VIC1,11-03-2019 14:00,79.43,TRADE,4209.99
VIC1,11-03-2019 14:30,59.17,TRADE,4255.02
VIC1,11-03-2019 15:00,37.93,TRADE,4256.29
VIC1,11-03-2019 15:30,39.21,TRADE,4384.38
VIC1,11-03-2019 16:00,76.73,TRADE,4545.52
VIC1,11-03-2019 16:30,76.68,TRADE,4653.98
VIC1,11-03-2019 17:00,90.26,TRADE,4773.92
VIC1,11-03-2019 17:30,97.63,TRADE,4800.94
VIC1,11-03-2019 18:00,96.65,TRADE,4790.07
VIC1,11-03-2019 18:30,98.47,TRADE,4773.03
VIC1,11-03-2019 19:00,101.08,TRADE,4769.7
VIC1,11-03-2019 19:30,93.57,TRADE,4797.93
VIC1,11-03-2019 20:00,94.83,TRADE,4732.13
VIC1,11-03-2019 20:30,84.22,TRADE,4595.99
VIC1,11-03-2019 21:00,78.54,TRADE,4478.42
VIC1,11-03-2019 21:30,81.01,TRADE,4355.09
VIC1,11-03-2019 22:00,70.32,TRADE,4237
VIC1,11-03-2019 22:30,72.82,TRADE,4201.75
VIC1,11-03-2019 23:00,67.89,TRADE,4166.02
VIC1,11-03-2019 23:30,67.39,TRADE,4404.79
VIC1,12-03-2019 00:00,72.91,TRADE,4374.53
VIC1,12-03-2019 00:30,63.73,TRADE,4214.32
VIC1,12-03-2019 01:00,55.63,TRADE,4080.67
VIC1,12-03-2019 01:30,40.09,TRADE,3892.7
VIC1,12-03-2019 02:00,41.53,TRADE,3574.91
VIC1,12-03-2019 02:30,41.55,TRADE,3556.11
VIC1,12-03-2019 03:00,32.17,TRADE,3672.91
VIC1,12-03-2019 03:30,30.01,TRADE,3610.07
VIC1,12-03-2019 04:00,30.01,TRADE,3598.92
VIC1,12-03-2019 04:30,32.35,TRADE,3727.82
VIC1,12-03-2019 05:00,37.07,TRADE,3874.5
VIC1,12-03-2019 05:30,57.64,TRADE,4209.89
VIC1,12-03-2019 06:00,64.4,TRADE,4555.99
VIC1,12-03-2019 06:30,76.51,TRADE,4882.05
VIC1,12-03-2019 07:00,98.51,TRADE,5047.68
VIC1,12-03-2019 07:30,72.31,TRADE,4893.47
VIC1,12-03-2019 08:00,71.67,TRADE,4890.57
VIC1,12-03-2019 08:30,72.5,TRADE,4928.59
VIC1,12-03-2019 09:00,63.24,TRADE,4976.23
VIC1,12-03-2019 09:30,58.46,TRADE,4987.52
VIC1,12-03-2019 10:00,54.4,TRADE,4975.37
VIC1,12-03-2019 10:30,51.28,TRADE,4961.46
VIC1,12-03-2019 11:00,53.01,TRADE,4882.59
VIC1,12-03-2019 11:30,51.99,TRADE,4782.9
VIC1,12-03-2019 12:00,53.5,TRADE,4728.8
VIC1,12-03-2019 12:30,61.97,TRADE,4819.22
VIC1,12-03-2019 13:00,78.82,TRADE,4702.96
VIC1,12-03-2019 13:30,82.75,TRADE,4769.62
VIC1,12-03-2019 14:00,81.23,TRADE,4759.28
VIC1,12-03-2019 14:30,71.84,TRADE,4671.53
VIC1,12-03-2019 15:00,72.59,TRADE,4670.6
VIC1,12-03-2019 15:30,89.03,TRADE,4754.66
VIC1,12-03-2019 16:00,97.49,TRADE,4830.45
VIC1,12-03-2019 16:30,92.49,TRADE,4905.52
VIC1,12-03-2019 17:00,93.74,TRADE,5007.63
VIC1,12-03-2019 17:30,102.49,TRADE,5035.95
VIC1,12-03-2019 18:00,128.4,TRADE,5110.19
VIC1,12-03-2019 18:30,107.16,TRADE,5054.9
VIC1,12-03-2019 19:00,156.45,TRADE,5105.44
VIC1,12-03-2019 19:30,109.47,TRADE,5151.18
VIC1,12-03-2019 20:00,112.5,TRADE,5089.71
VIC1,12-03-2019 20:30,112.01,TRADE,4969.12
VIC1,12-03-2019 21:00,100.27,TRADE,4789.35
VIC1,12-03-2019 21:30,84.85,TRADE,4598.04
VIC1,12-03-2019 22:00,86.81,TRADE,4428.75
VIC1,12-03-2019 22:30,81.56,TRADE,4295.52
VIC1,12-03-2019 23:00,90.34,TRADE,4286.97
VIC1,12-03-2019 23:30,129.36,TRADE,4486.24
VIC1,13-03-2019 00:00,158.23,TRADE,4531.29
VIC1,13-03-2019 00:30,143.03,TRADE,4354.26
VIC1,13-03-2019 01:00,133.06,TRADE,4235.95
VIC1,13-03-2019 01:30,118.16,TRADE,4167.01
VIC1,13-03-2019 02:00,89.58,TRADE,4024.42
VIC1,13-03-2019 02:30,90.88,TRADE,3917.02
VIC1,13-03-2019 03:00,82.78,TRADE,3895.35
VIC1,13-03-2019 03:30,88.22,TRADE,3932.79
VIC1,13-03-2019 04:00,86.73,TRADE,3952.9
VIC1,13-03-2019 04:30,93.11,TRADE,4103.1
VIC1,13-03-2019 05:00,93.79,TRADE,4254.63
VIC1,13-03-2019 05:30,133.04,TRADE,4620.1
VIC1,13-03-2019 06:00,130.74,TRADE,4897.86
VIC1,13-03-2019 06:30,143.24,TRADE,5334.81
VIC1,13-03-2019 07:00,221.58,TRADE,5575.04
VIC1,13-03-2019 07:30,161.52,TRADE,5466.64
VIC1,13-03-2019 08:00,134.81,TRADE,5329.23
VIC1,13-03-2019 08:30,119.59,TRADE,5240.94
VIC1,13-03-2019 09:00,112.41,TRADE,5117.91
VIC1,13-03-2019 09:30,85.58,TRADE,5009.86
VIC1,13-03-2019 10:00,82.56,TRADE,4906.79
VIC1,13-03-2019 10:30,114.43,TRADE,4882.07
VIC1,13-03-2019 11:00,102.2,TRADE,4913.49
VIC1,13-03-2019 11:30,208.78,TRADE,4910.56
VIC1,13-03-2019 12:00,131.31,TRADE,4874.9
VIC1,13-03-2019 12:30,117.18,TRADE,4883.2
VIC1,13-03-2019 13:00,120.91,TRADE,4866.41
VIC1,13-03-2019 13:30,103.92,TRADE,4798.51
VIC1,13-03-2019 14:00,108.15,TRADE,4837.5
VIC1,13-03-2019 14:30,104.96,TRADE,4922.01
VIC1,13-03-2019 15:00,111.19,TRADE,4989.41
VIC1,13-03-2019 15:30,114.33,TRADE,5007.84
VIC1,13-03-2019 16:00,129.08,TRADE,5069.9
VIC1,13-03-2019 16:30,115.35,TRADE,5105.87
VIC1,13-03-2019 17:00,128.46,TRADE,5119.02
VIC1,13-03-2019 17:30,125.53,TRADE,5193.43
VIC1,13-03-2019 18:00,129.9,TRADE,5223.38
VIC1,13-03-2019 18:30,132.83,TRADE,5195.66
VIC1,13-03-2019 19:00,137.81,TRADE,5233.33
VIC1,13-03-2019 19:30,146.34,TRADE,5282.44
VIC1,13-03-2019 20:00,132.76,TRADE,5182.92
VIC1,13-03-2019 20:30,108.39,TRADE,5029.52
VIC1,13-03-2019 21:00,112.43,TRADE,4842.08
VIC1,13-03-2019 21:30,97.13,TRADE,4649.49
VIC1,13-03-2019 22:00,108.95,TRADE,4484.5
VIC1,13-03-2019 22:30,107.6,TRADE,4348.77
VIC1,13-03-2019 23:00,111.22,TRADE,4271.28
VIC1,13-03-2019 23:30,139,TRADE,4495.65
VIC1,14-03-2019 00:00,162.36,TRADE,4520.28
VIC1,14-03-2019 00:30,154.66,TRADE,4347.95
VIC1,14-03-2019 01:00,134.09,TRADE,4208.32
VIC1,14-03-2019 01:30,114.57,TRADE,4103.25
VIC1,14-03-2019 02:00,102.45,TRADE,3974.32
VIC1,14-03-2019 02:30,129.69,TRADE,3893.65
VIC1,14-03-2019 03:00,104.39,TRADE,3861.31
VIC1,14-03-2019 03:30,118.61,TRADE,3881.13
VIC1,14-03-2019 04:00,101.92,TRADE,3899.86
VIC1,14-03-2019 04:30,118.35,TRADE,4056.53
VIC1,14-03-2019 05:00,115.87,TRADE,4216.22
VIC1,14-03-2019 05:30,141.52,TRADE,4611.66
VIC1,14-03-2019 06:00,139.69,TRADE,4951.96
VIC1,14-03-2019 06:30,197.76,TRADE,5385.07
VIC1,14-03-2019 07:00,264.76,TRADE,5566.86
VIC1,14-03-2019 07:30,140.13,TRADE,5395.21
VIC1,14-03-2019 08:00,132.21,TRADE,5231.4
VIC1,14-03-2019 08:30,112.09,TRADE,5146.75
VIC1,14-03-2019 09:00,103.53,TRADE,5006.19
VIC1,14-03-2019 09:30,120.76,TRADE,4897.4
VIC1,14-03-2019 10:00,114.25,TRADE,4810.98
VIC1,14-03-2019 10:30,102.45,TRADE,4763.63
VIC1,14-03-2019 11:00,103.27,TRADE,4741.32
VIC1,14-03-2019 11:30,118.81,TRADE,4708.02
VIC1,14-03-2019 12:00,116.16,TRADE,4655.31
VIC1,14-03-2019 12:30,108.53,TRADE,4592.03
VIC1,14-03-2019 13:00,114.03,TRADE,4587.17
VIC1,14-03-2019 13:30,116.89,TRADE,4580.94
VIC1,14-03-2019 14:00,115.68,TRADE,4587.17
VIC1,14-03-2019 14:30,116.95,TRADE,4617.85
VIC1,14-03-2019 15:00,115.48,TRADE,4682.49
VIC1,14-03-2019 15:30,114.59,TRADE,4792.9
VIC1,14-03-2019 16:00,119.31,TRADE,4911
VIC1,14-03-2019 16:30,112.37,TRADE,4961.96
VIC1,14-03-2019 17:00,116.42,TRADE,5095.78
VIC1,14-03-2019 17:30,115.29,TRADE,5155.95
VIC1,14-03-2019 18:00,161.02,TRADE,5229.45
VIC1,14-03-2019 18:30,160.9,TRADE,5204.75
VIC1,14-03-2019 19:00,143.19,TRADE,5241.86
VIC1,14-03-2019 19:30,123.09,TRADE,5219.57
VIC1,14-03-2019 20:00,121.67,TRADE,5117
VIC1,14-03-2019 20:30,115.97,TRADE,4995.7
VIC1,14-03-2019 21:00,112.19,TRADE,4824.57
VIC1,14-03-2019 21:30,114.44,TRADE,4672.2
VIC1,14-03-2019 22:00,104.51,TRADE,4481.29
VIC1,14-03-2019 22:30,115.6,TRADE,4388.3
VIC1,14-03-2019 23:00,110.36,TRADE,4289.31
VIC1,14-03-2019 23:30,116.19,TRADE,4507.74
VIC1,15-03-2019 00:00,111.13,TRADE,4528.44
VIC1,15-03-2019 00:30,111.26,TRADE,4320.67
VIC1,15-03-2019 01:00,95.42,TRADE,4197.59
VIC1,15-03-2019 01:30,103.53,TRADE,4137.12
VIC1,15-03-2019 02:00,91.59,TRADE,3980.99
VIC1,15-03-2019 02:30,83.57,TRADE,3914.86
VIC1,15-03-2019 03:00,78.96,TRADE,3884.31
VIC1,15-03-2019 03:30,77.67,TRADE,3852.87
VIC1,15-03-2019 04:00,77.04,TRADE,3915.52
VIC1,15-03-2019 04:30,72.1,TRADE,4061.04
VIC1,15-03-2019 05:00,65.05,TRADE,4191.41
VIC1,15-03-2019 05:30,99.4,TRADE,4542.32
VIC1,15-03-2019 06:00,112.65,TRADE,4834.64
VIC1,15-03-2019 06:30,123.26,TRADE,5207.35
VIC1,15-03-2019 07:00,132.41,TRADE,5359.98
VIC1,15-03-2019 07:30,113.81,TRADE,5253.84
VIC1,15-03-2019 08:00,105.58,TRADE,5174.88
VIC1,15-03-2019 08:30,104.38,TRADE,5106.49
VIC1,15-03-2019 09:00,104.23,TRADE,5023.87
VIC1,15-03-2019 09:30,99.58,TRADE,4967.01
VIC1,15-03-2019 10:00,116.87,TRADE,4888.6
VIC1,15-03-2019 10:30,115.35,TRADE,4764.91
VIC1,15-03-2019 11:00,119,TRADE,4674.67
VIC1,15-03-2019 11:30,126,TRADE,4577.28
VIC1,15-03-2019 12:00,115.7,TRADE,4529.27
VIC1,15-03-2019 12:30,119.01,TRADE,4540.65
VIC1,15-03-2019 13:00,117.65,TRADE,4535.48
VIC1,15-03-2019 13:30,122.15,TRADE,4569.73
VIC1,15-03-2019 14:00,124.72,TRADE,4595.93
VIC1,15-03-2019 14:30,127.38,TRADE,4592.93
VIC1,15-03-2019 15:00,112.07,TRADE,4618.63
VIC1,15-03-2019 15:30,104.82,TRADE,4741.8
VIC1,15-03-2019 16:00,115.53,TRADE,4895.04
VIC1,15-03-2019 16:30,111.75,TRADE,4914.38
VIC1,15-03-2019 17:00,114.03,TRADE,5037.28
VIC1,15-03-2019 17:30,104.82,TRADE,5024.2
VIC1,15-03-2019 18:00,124.61,TRADE,5086.19
VIC1,15-03-2019 18:30,119.56,TRADE,5014.95
VIC1,15-03-2019 19:00,106.75,TRADE,5007.79
VIC1,15-03-2019 19:30,106.46,TRADE,5010.34
VIC1,15-03-2019 20:00,109.46,TRADE,4972.14
VIC1,15-03-2019 20:30,92.6,TRADE,4793.74
VIC1,15-03-2019 21:00,80.78,TRADE,4630.74
VIC1,15-03-2019 21:30,69.02,TRADE,4507.53
VIC1,15-03-2019 22:00,61.2,TRADE,4406.82
VIC1,15-03-2019 22:30,51.42,TRADE,4306.58
VIC1,15-03-2019 23:00,53.67,TRADE,4241
VIC1,15-03-2019 23:30,68.4,TRADE,4424.45
VIC1,16-03-2019 00:00,79.17,TRADE,4429.36
VIC1,16-03-2019 00:30,68.34,TRADE,4221.24
VIC1,16-03-2019 01:00,60.4,TRADE,4080.67
VIC1,16-03-2019 01:30,55.57,TRADE,3992.27
VIC1,16-03-2019 02:00,57.18,TRADE,3868.22
VIC1,16-03-2019 02:30,56.59,TRADE,3777.1
VIC1,16-03-2019 03:00,54.16,TRADE,3708.48
VIC1,16-03-2019 03:30,55.02,TRADE,3744.65
VIC1,16-03-2019 04:00,56.06,TRADE,3739.35
VIC1,16-03-2019 04:30,57.46,TRADE,3869.34
VIC1,16-03-2019 05:00,51.87,TRADE,3909.05
VIC1,16-03-2019 05:30,52.96,TRADE,4045.65
VIC1,16-03-2019 06:00,67.84,TRADE,4187.37
VIC1,16-03-2019 06:30,82.81,TRADE,4315.22
VIC1,16-03-2019 07:00,108.83,TRADE,4434.38
VIC1,16-03-2019 07:30,98.8,TRADE,4436.96
VIC1,16-03-2019 08:00,87.13,TRADE,4436.71
VIC1,16-03-2019 08:30,95.03,TRADE,4397.75
VIC1,16-03-2019 09:00,90.27,TRADE,4352.2
VIC1,16-03-2019 09:30,82.47,TRADE,4270.83
VIC1,16-03-2019 10:00,75.84,TRADE,4193.66
VIC1,16-03-2019 10:30,76.63,TRADE,4145.76
VIC1,16-03-2019 11:00,76.71,TRADE,4109.75
VIC1,16-03-2019 11:30,76.63,TRADE,4102.92
VIC1,16-03-2019 12:00,76.67,TRADE,4116.07
VIC1,16-03-2019 12:30,77.01,TRADE,4132.08
VIC1,16-03-2019 13:00,79.34,TRADE,4169.27
VIC1,16-03-2019 13:30,77.59,TRADE,4220.31
VIC1,16-03-2019 14:00,72.28,TRADE,4269.75
VIC1,16-03-2019 14:30,81.6,TRADE,4370.47
VIC1,16-03-2019 15:00,96.17,TRADE,4489.49
VIC1,16-03-2019 15:30,104.81,TRADE,4655.85
VIC1,16-03-2019 16:00,122.56,TRADE,4843.69
VIC1,16-03-2019 16:30,122.76,TRADE,4928.58
VIC1,16-03-2019 17:00,129.2,TRADE,5066.98
VIC1,16-03-2019 17:30,130.34,TRADE,5136.28
VIC1,16-03-2019 18:00,130.86,TRADE,5172.26
VIC1,16-03-2019 18:30,130.09,TRADE,5107.15
VIC1,16-03-2019 19:00,166.09,TRADE,5057.9
VIC1,16-03-2019 19:30,140.63,TRADE,5002.42
VIC1,16-03-2019 20:00,112.05,TRADE,4919.93
VIC1,16-03-2019 20:30,137.91,TRADE,4813.68
VIC1,16-03-2019 21:00,121.66,TRADE,4705.35
VIC1,16-03-2019 21:30,128.2,TRADE,4593.37
VIC1,16-03-2019 22:00,135.93,TRADE,4483.94
VIC1,16-03-2019 22:30,110.75,TRADE,4343.33
VIC1,16-03-2019 23:00,114.9,TRADE,4346.55
VIC1,16-03-2019 23:30,132.34,TRADE,4525.37
VIC1,17-03-2019 00:00,152.2,TRADE,4473.79
VIC1,17-03-2019 00:30,132.15,TRADE,4306.7
VIC1,17-03-2019 01:00,108.63,TRADE,4178.98
VIC1,17-03-2019 01:30,78.6,TRADE,4077.25
VIC1,17-03-2019 02:00,93.88,TRADE,3968.78
VIC1,17-03-2019 02:30,114.69,TRADE,3875.73
VIC1,17-03-2019 03:00,113.93,TRADE,3784.41
VIC1,17-03-2019 03:30,117.71,TRADE,3780.55
VIC1,17-03-2019 04:00,105.12,TRADE,3745.99
VIC1,17-03-2019 04:30,90.04,TRADE,3750.12
VIC1,17-03-2019 05:00,76.74,TRADE,3827.22
VIC1,17-03-2019 05:30,68.41,TRADE,3914.64
VIC1,17-03-2019 06:00,76.16,TRADE,3989.28
VIC1,17-03-2019 06:30,81.17,TRADE,4083.96
VIC1,17-03-2019 07:00,81.07,TRADE,4065.59
VIC1,17-03-2019 07:30,114.82,TRADE,4111.8
VIC1,17-03-2019 08:00,81.29,TRADE,4128.04
VIC1,17-03-2019 08:30,110.08,TRADE,4197.42
VIC1,17-03-2019 09:00,108.49,TRADE,4156.79
VIC1,17-03-2019 09:30,106.84,TRADE,4104.1
VIC1,17-03-2019 10:00,80.02,TRADE,4063.31
VIC1,17-03-2019 10:30,89.67,TRADE,4119.14
VIC1,17-03-2019 11:00,80.66,TRADE,4140.97
VIC1,17-03-2019 11:30,81.54,TRADE,4223.66
VIC1,17-03-2019 12:00,81.33,TRADE,4211.02
VIC1,17-03-2019 12:30,82.65,TRADE,4280.92
VIC1,17-03-2019 13:00,82.97,TRADE,4367.94
VIC1,17-03-2019 13:30,82.04,TRADE,4368.53
VIC1,17-03-2019 14:00,115.24,TRADE,4461.1
VIC1,17-03-2019 14:30,114.02,TRADE,4526.31
VIC1,17-03-2019 15:00,118.89,TRADE,4662.13
VIC1,17-03-2019 15:30,127.87,TRADE,4822.55
VIC1,17-03-2019 16:00,134.84,TRADE,4996.11
VIC1,17-03-2019 16:30,120.15,TRADE,5078.24
VIC1,17-03-2019 17:00,141.26,TRADE,5347.07
VIC1,17-03-2019 17:30,125.8,TRADE,5381.01
VIC1,17-03-2019 18:00,130.03,TRADE,5423.47
VIC1,17-03-2019 18:30,118,TRADE,5297.2
VIC1,17-03-2019 19:00,121.69,TRADE,5254.02
VIC1,17-03-2019 19:30,110.78,TRADE,5225.02
VIC1,17-03-2019 20:00,99.77,TRADE,5066.07
VIC1,17-03-2019 20:30,82.59,TRADE,4864.51
VIC1,17-03-2019 21:00,85.9,TRADE,4732.11
VIC1,17-03-2019 21:30,115.26,TRADE,4550.87
VIC1,17-03-2019 22:00,110.31,TRADE,4391.35
VIC1,17-03-2019 22:30,90.8,TRADE,4291.74
VIC1,17-03-2019 23:00,63.55,TRADE,4210.8
VIC1,17-03-2019 23:30,134.47,TRADE,4459.78
VIC1,18-03-2019 00:00,143.59,TRADE,4457.29
VIC1,18-03-2019 00:30,89.84,TRADE,4270.72
VIC1,18-03-2019 01:00,85.81,TRADE,4124.3
VIC1,18-03-2019 01:30,52.04,TRADE,4095.24
VIC1,18-03-2019 02:00,45.57,TRADE,4008.03
VIC1,18-03-2019 02:30,37.01,TRADE,3937.95
VIC1,18-03-2019 03:00,48.42,TRADE,3894.46
VIC1,18-03-2019 03:30,53.87,TRADE,3970.15
VIC1,18-03-2019 04:00,48.26,TRADE,3983.98
VIC1,18-03-2019 04:30,56.71,TRADE,4118.67
VIC1,18-03-2019 05:00,59.01,TRADE,4260
VIC1,18-03-2019 05:30,74.44,TRADE,4600.21
VIC1,18-03-2019 06:00,98.83,TRADE,4905.57
VIC1,18-03-2019 06:30,119.18,TRADE,5235.36
VIC1,18-03-2019 07:00,138.35,TRADE,5417.39
VIC1,18-03-2019 07:30,136.61,TRADE,5361.19
VIC1,18-03-2019 08:00,125.29,TRADE,5289.41
VIC1,18-03-2019 08:30,128.68,TRADE,5295.48
VIC1,18-03-2019 09:00,116.76,TRADE,5258.64
VIC1,18-03-2019 09:30,129,TRADE,5222.93
VIC1,18-03-2019 10:00,138.23,TRADE,5213.97
VIC1,18-03-2019 10:30,117.5,TRADE,5206.46
VIC1,18-03-2019 11:00,122.08,TRADE,5279.58
VIC1,18-03-2019 11:30,85.71,TRADE,5221.16
VIC1,18-03-2019 12:00,118.02,TRADE,5317.37
VIC1,18-03-2019 12:30,101.69,TRADE,5356.73
VIC1,18-03-2019 13:00,146.2,TRADE,5476.55
VIC1,18-03-2019 13:30,125.92,TRADE,5523.92
VIC1,18-03-2019 14:00,138.79,TRADE,5570.96
VIC1,18-03-2019 14:30,132.44,TRADE,5635.81
VIC1,18-03-2019 15:00,127.09,TRADE,5749.43
VIC1,18-03-2019 15:30,126.43,TRADE,5909.91
VIC1,18-03-2019 16:00,129.54,TRADE,6029.86
VIC1,18-03-2019 16:30,135.41,TRADE,6084.39
VIC1,18-03-2019 17:00,148.66,TRADE,6184.43
VIC1,18-03-2019 17:30,145.81,TRADE,6116
VIC1,18-03-2019 18:00,154.42,TRADE,6042.85
VIC1,18-03-2019 18:30,135.4,TRADE,5919.03
VIC1,18-03-2019 19:00,130.74,TRADE,5756.23
VIC1,18-03-2019 19:30,112.94,TRADE,5669.97
VIC1,18-03-2019 20:00,114.3,TRADE,5479.15
VIC1,18-03-2019 20:30,107.74,TRADE,5277.32
VIC1,18-03-2019 21:00,124.92,TRADE,5068.24
VIC1,18-03-2019 21:30,93.3,TRADE,4814.93
VIC1,18-03-2019 22:00,88.09,TRADE,4638.66
VIC1,18-03-2019 22:30,86.05,TRADE,4500.51
VIC1,18-03-2019 23:00,85.39,TRADE,4485.74
VIC1,18-03-2019 23:30,97.66,TRADE,4672.64
VIC1,19-03-2019 00:00,121.3,TRADE,4683.97
VIC1,19-03-2019 00:30,87.74,TRADE,4473.09
VIC1,19-03-2019 01:00,75.96,TRADE,4316.43
VIC1,19-03-2019 01:30,73.97,TRADE,4246.43
VIC1,19-03-2019 02:00,81.11,TRADE,4137.4
VIC1,19-03-2019 02:30,86.12,TRADE,4094.76
VIC1,19-03-2019 03:00,76.52,TRADE,4050.75
VIC1,19-03-2019 03:30,74.8,TRADE,4033.78
VIC1,19-03-2019 04:00,79.75,TRADE,4080.27
VIC1,19-03-2019 04:30,73.91,TRADE,4228.84
VIC1,19-03-2019 05:00,76.77,TRADE,4403.2
VIC1,19-03-2019 05:30,114.21,TRADE,4737.51
VIC1,19-03-2019 06:00,123.12,TRADE,5081.84
VIC1,19-03-2019 06:30,129.54,TRADE,5452.12
VIC1,19-03-2019 07:00,129.84,TRADE,5618.34
VIC1,19-03-2019 07:30,113.37,TRADE,5571.9
VIC1,19-03-2019 08:00,103.22,TRADE,5567.77
VIC1,19-03-2019 08:30,135.57,TRADE,5614.28
VIC1,19-03-2019 09:00,121.55,TRADE,5547.77
VIC1,19-03-2019 09:30,130.92,TRADE,5546.02
VIC1,19-03-2019 10:00,118.87,TRADE,5566.34
VIC1,19-03-2019 10:30,113.06,TRADE,5564.26
VIC1,19-03-2019 11:00,110.87,TRADE,5571.35
VIC1,19-03-2019 11:30,117.36,TRADE,5522.46
VIC1,19-03-2019 12:00,108.98,TRADE,5536.88
VIC1,19-03-2019 12:30,102.47,TRADE,5532.83
VIC1,19-03-2019 13:00,101.52,TRADE,5487.02
VIC1,19-03-2019 13:30,111.91,TRADE,5576.93
VIC1,19-03-2019 14:00,108.12,TRADE,5570.84
VIC1,19-03-2019 14:30,109.79,TRADE,5515.31
VIC1,19-03-2019 15:00,102.18,TRADE,5598.37
VIC1,19-03-2019 15:30,114.78,TRADE,5716.4
VIC1,19-03-2019 16:00,119.92,TRADE,5806.47
VIC1,19-03-2019 16:30,115.3,TRADE,5829.61
VIC1,19-03-2019 17:00,122.19,TRADE,5823.4
VIC1,19-03-2019 17:30,124.67,TRADE,5765.7
VIC1,19-03-2019 18:00,135.56,TRADE,5690.98
VIC1,19-03-2019 18:30,156.24,TRADE,5611.95
VIC1,19-03-2019 19:00,161.94,TRADE,5597.79
VIC1,19-03-2019 19:30,131.36,TRADE,5509.99
VIC1,19-03-2019 20:00,119.91,TRADE,5354.3
VIC1,19-03-2019 20:30,120.62,TRADE,5171.21
VIC1,19-03-2019 21:00,123.99,TRADE,4998.61
VIC1,19-03-2019 21:30,128.15,TRADE,4800.08
VIC1,19-03-2019 22:00,121.57,TRADE,4653.82
VIC1,19-03-2019 22:30,119.79,TRADE,4525.47
VIC1,19-03-2019 23:00,119.1,TRADE,4477.15
VIC1,19-03-2019 23:30,129.34,TRADE,4719.68
VIC1,20-03-2019 00:00,152.44,TRADE,4684.56
VIC1,20-03-2019 00:30,129.62,TRADE,4450.59
VIC1,20-03-2019 01:00,123.5,TRADE,4331.54
VIC1,20-03-2019 01:30,80.05,TRADE,4257.35
VIC1,20-03-2019 02:00,75.42,TRADE,4126.3
VIC1,20-03-2019 02:30,72.27,TRADE,4032.4
VIC1,20-03-2019 03:00,74.48,TRADE,4042.84
VIC1,20-03-2019 03:30,80.72,TRADE,4088.01
VIC1,20-03-2019 04:00,84.1,TRADE,4093.06
VIC1,20-03-2019 04:30,80.42,TRADE,4222.54
VIC1,20-03-2019 05:00,108.47,TRADE,4338.65
VIC1,20-03-2019 05:30,124.97,TRADE,4648.94
VIC1,20-03-2019 06:00,147.84,TRADE,5017.69
VIC1,20-03-2019 06:30,200.98,TRADE,5469.4
VIC1,20-03-2019 07:00,241.19,TRADE,5682.29
VIC1,20-03-2019 07:30,159.09,TRADE,5451.53
VIC1,20-03-2019 08:00,157.48,TRADE,5393.36
VIC1,20-03-2019 08:30,165.11,TRADE,5613.48
VIC1,20-03-2019 09:00,159.85,TRADE,5607.92
VIC1,20-03-2019 09:30,152.3,TRADE,5596.5
VIC1,20-03-2019 10:00,136.83,TRADE,5598.6
VIC1,20-03-2019 10:30,141.97,TRADE,5597.55
VIC1,20-03-2019 11:00,136.25,TRADE,5583.09
VIC1,20-03-2019 11:30,135.56,TRADE,5568.78
VIC1,20-03-2019 12:00,127.18,TRADE,5545.85
VIC1,20-03-2019 12:30,134.88,TRADE,5543.38
VIC1,20-03-2019 13:00,121.82,TRADE,5573.45
VIC1,20-03-2019 13:30,121.44,TRADE,5597.16
VIC1,20-03-2019 14:00,104.35,TRADE,5629.08
VIC1,20-03-2019 14:30,135.3,TRADE,5637.73
VIC1,20-03-2019 15:00,130.21,TRADE,5698.41
VIC1,20-03-2019 15:30,126.84,TRADE,5758.27
VIC1,20-03-2019 16:00,137.72,TRADE,5855.91
VIC1,20-03-2019 16:30,121.15,TRADE,5900.35
VIC1,20-03-2019 17:00,124.96,TRADE,5968.57
VIC1,20-03-2019 17:30,119.93,TRADE,5886.72
VIC1,20-03-2019 18:00,135.53,TRADE,5822.17
VIC1,20-03-2019 18:30,125.1,TRADE,5697.79
VIC1,20-03-2019 19:00,143.68,TRADE,5702.17
VIC1,20-03-2019 19:30,114.67,TRADE,5615.06
VIC1,20-03-2019 20:00,109.62,TRADE,5484.34
VIC1,20-03-2019 20:30,117.82,TRADE,5302.86
VIC1,20-03-2019 21:00,113.02,TRADE,5080.4
VIC1,20-03-2019 21:30,98.03,TRADE,4855.11
VIC1,20-03-2019 22:00,91.63,TRADE,4657.04
VIC1,20-03-2019 22:30,109.74,TRADE,4531.13
VIC1,20-03-2019 23:00,100.86,TRADE,4484.84
VIC1,20-03-2019 23:30,111.99,TRADE,4663.84
VIC1,21-03-2019 00:00,122.92,TRADE,4651.33
VIC1,21-03-2019 00:30,91.56,TRADE,4430.2
VIC1,21-03-2019 01:00,91.79,TRADE,4326.57
VIC1,21-03-2019 01:30,85.16,TRADE,4234.46
VIC1,21-03-2019 02:00,83.15,TRADE,4178.02
VIC1,21-03-2019 02:30,84.39,TRADE,4123.43
VIC1,21-03-2019 03:00,84.9,TRADE,4129.14
VIC1,21-03-2019 03:30,85.11,TRADE,4129.68
VIC1,21-03-2019 04:00,88.61,TRADE,4118.87
VIC1,21-03-2019 04:30,90.04,TRADE,4220.59
VIC1,21-03-2019 05:00,91.62,TRADE,4396.77
VIC1,21-03-2019 05:30,97.96,TRADE,4685.22
VIC1,21-03-2019 06:00,118.89,TRADE,5035.81
VIC1,21-03-2019 06:30,127.84,TRADE,5387.05
VIC1,21-03-2019 07:00,168.8,TRADE,5569.01
VIC1,21-03-2019 07:30,125.74,TRADE,5481.88
VIC1,21-03-2019 08:00,104.98,TRADE,5494.31
VIC1,21-03-2019 08:30,106.23,TRADE,5527.62
VIC1,21-03-2019 09:00,102,TRADE,5521.44
VIC1,21-03-2019 09:30,114.5,TRADE,5543.33
VIC1,21-03-2019 10:00,149.95,TRADE,5506.36
VIC1,21-03-2019 10:30,97.54,TRADE,5258.96
VIC1,21-03-2019 11:00,113.62,TRADE,5422.56
VIC1,21-03-2019 11:30,119.35,TRADE,5471.97
VIC1,21-03-2019 12:00,120.59,TRADE,5444.82
VIC1,21-03-2019 12:30,131.42,TRADE,5470.13
VIC1,21-03-2019 13:00,162.88,TRADE,5440.04
VIC1,21-03-2019 13:30,179.25,TRADE,5476.95
VIC1,21-03-2019 14:00,150.48,TRADE,5497.44
VIC1,21-03-2019 14:30,113.59,TRADE,5564.37
VIC1,21-03-2019 15:00,127.18,TRADE,5736.24
VIC1,21-03-2019 15:30,131.72,TRADE,5911.99
VIC1,21-03-2019 16:00,130.26,TRADE,5966.17
VIC1,21-03-2019 16:30,141.72,TRADE,6000.28
VIC1,21-03-2019 17:00,146.3,TRADE,5996.94
VIC1,21-03-2019 17:30,116.64,TRADE,5925.32
VIC1,21-03-2019 18:00,114.84,TRADE,5902.14
VIC1,21-03-2019 18:30,111.58,TRADE,5846.31
VIC1,21-03-2019 19:00,122.68,TRADE,5853.78
VIC1,21-03-2019 19:30,120.78,TRADE,5798.67
VIC1,21-03-2019 20:00,109.5,TRADE,5606.18
VIC1,21-03-2019 20:30,100.35,TRADE,5363.31
VIC1,21-03-2019 21:00,97.08,TRADE,5103.61
VIC1,21-03-2019 21:30,101.52,TRADE,4929.93
VIC1,21-03-2019 22:00,93.69,TRADE,4753.85
VIC1,21-03-2019 22:30,95.99,TRADE,4625.75
VIC1,21-03-2019 23:00,90.2,TRADE,4547.22
VIC1,21-03-2019 23:30,94,TRADE,4756.79
VIC1,22-03-2019 00:00,92.19,TRADE,4729.27
VIC1,22-03-2019 00:30,84.2,TRADE,4528.32
VIC1,22-03-2019 01:00,76.56,TRADE,4366.09
VIC1,22-03-2019 01:30,84.29,TRADE,4295.69
VIC1,22-03-2019 02:00,86.53,TRADE,4210.92
VIC1,22-03-2019 02:30,84.97,TRADE,4099.32
VIC1,22-03-2019 03:00,91.05,TRADE,4091.13
VIC1,22-03-2019 03:30,95.12,TRADE,4071.95
VIC1,22-03-2019 04:00,89.65,TRADE,4093.49
VIC1,22-03-2019 04:30,95.45,TRADE,4222.95
VIC1,22-03-2019 05:00,101.59,TRADE,4390.94
VIC1,22-03-2019 05:30,107.62,TRADE,4692.5
VIC1,22-03-2019 06:00,116.42,TRADE,5019.44
VIC1,22-03-2019 06:30,146.36,TRADE,5429.29
VIC1,22-03-2019 07:00,133.34,TRADE,5591.54
VIC1,22-03-2019 07:30,111.59,TRADE,5596.26
VIC1,22-03-2019 08:00,112.94,TRADE,5628.47
VIC1,22-03-2019 08:30,123.09,TRADE,5666.19
VIC1,22-03-2019 09:00,111.51,TRADE,5613.25
VIC1,22-03-2019 09:30,113.08,TRADE,5613.46
VIC1,22-03-2019 10:00,110.8,TRADE,5555.73
VIC1,22-03-2019 10:30,105.53,TRADE,5451.56
VIC1,22-03-2019 11:00,107.64,TRADE,5470.84
VIC1,22-03-2019 11:30,110.84,TRADE,5482.25
VIC1,22-03-2019 12:00,115.59,TRADE,5559.85
VIC1,22-03-2019 12:30,118.23,TRADE,5651.75
VIC1,22-03-2019 13:00,120.44,TRADE,5701.96
VIC1,22-03-2019 13:30,120.39,TRADE,5843.38
VIC1,22-03-2019 14:00,115.58,TRADE,5998.36
VIC1,22-03-2019 14:30,132.37,TRADE,6110.02
VIC1,22-03-2019 15:00,138.82,TRADE,6291.13
VIC1,22-03-2019 15:30,117,TRADE,6514.99
VIC1,22-03-2019 16:00,117,TRADE,6652.04
VIC1,22-03-2019 16:30,117.26,TRADE,6675.68
VIC1,22-03-2019 17:00,115.35,TRADE,6587.65
VIC1,22-03-2019 17:30,111.02,TRADE,6462.21
VIC1,22-03-2019 18:00,121.99,TRADE,6313.39
VIC1,22-03-2019 18:30,120.57,TRADE,6144.42
VIC1,22-03-2019 19:00,115.69,TRADE,6102.54
VIC1,22-03-2019 19:30,112.36,TRADE,5984.23
VIC1,22-03-2019 20:00,106.3,TRADE,5787.09
VIC1,22-03-2019 20:30,110.55,TRADE,5519.14
VIC1,22-03-2019 21:00,106.26,TRADE,5176.18
VIC1,22-03-2019 21:30,112.8,TRADE,5001.45
VIC1,22-03-2019 22:00,121.77,TRADE,4784.49
VIC1,22-03-2019 22:30,110.4,TRADE,4610.8
VIC1,22-03-2019 23:00,102.53,TRADE,4533.97
VIC1,22-03-2019 23:30,94.91,TRADE,4693.71
VIC1,23-03-2019 00:00,87.97,TRADE,4615.68
VIC1,23-03-2019 00:30,75.83,TRADE,4355.04
VIC1,23-03-2019 01:00,80.78,TRADE,4249.27
VIC1,23-03-2019 01:30,71.62,TRADE,4194.38
VIC1,23-03-2019 02:00,73.04,TRADE,4132.89
VIC1,23-03-2019 02:30,69,TRADE,3912.95
VIC1,23-03-2019 03:00,55.09,TRADE,3828.75
VIC1,23-03-2019 03:30,61.87,TRADE,3763.53
VIC1,23-03-2019 04:00,72.83,TRADE,3785.1
VIC1,23-03-2019 04:30,74.35,TRADE,3843.26
VIC1,23-03-2019 05:00,71.95,TRADE,3922.19
VIC1,23-03-2019 05:30,75.56,TRADE,4058.97
VIC1,23-03-2019 06:00,85.71,TRADE,4190.59
VIC1,23-03-2019 06:30,84.94,TRADE,4338.41
VIC1,23-03-2019 07:00,104.82,TRADE,4454.45
VIC1,23-03-2019 07:30,104.24,TRADE,4458.75
VIC1,23-03-2019 08:00,133.3,TRADE,4555.39
VIC1,23-03-2019 08:30,139.25,TRADE,4622.99
VIC1,23-03-2019 09:00,109.74,TRADE,4701.08
VIC1,23-03-2019 09:30,122.76,TRADE,4716.38
VIC1,23-03-2019 10:00,90.41,TRADE,4669.13
VIC1,23-03-2019 10:30,83.95,TRADE,4510.94
VIC1,23-03-2019 11:00,69.26,TRADE,4377.53
VIC1,23-03-2019 11:30,55.66,TRADE,4292.47
VIC1,23-03-2019 12:00,64.32,TRADE,4268.48
VIC1,23-03-2019 12:30,67.38,TRADE,4219.13
VIC1,23-03-2019 13:00,79.58,TRADE,4314.91
VIC1,23-03-2019 13:30,90.2,TRADE,4421.69
VIC1,23-03-2019 14:00,92.57,TRADE,4565.58
VIC1,23-03-2019 14:30,108.3,TRADE,4750.8
VIC1,23-03-2019 15:00,146.03,TRADE,4864.55
VIC1,23-03-2019 15:30,118.74,TRADE,5089.31
VIC1,23-03-2019 16:00,130.04,TRADE,5350
VIC1,23-03-2019 16:30,117.68,TRADE,5556.87
VIC1,23-03-2019 17:00,177.21,TRADE,5588.26
VIC1,23-03-2019 17:30,118.94,TRADE,5362.22
VIC1,23-03-2019 18:00,107.69,TRADE,5262.59
VIC1,23-03-2019 18:30,112.37,TRADE,5137.55
VIC1,23-03-2019 19:00,115.34,TRADE,5184.81
VIC1,23-03-2019 19:30,107.36,TRADE,5085.11
VIC1,23-03-2019 20:00,113.01,TRADE,4939.66
VIC1,23-03-2019 20:30,110.9,TRADE,4830.42
VIC1,23-03-2019 21:00,109.54,TRADE,4670.86
VIC1,23-03-2019 21:30,101.42,TRADE,4563.37
VIC1,23-03-2019 22:00,87.72,TRADE,4453.4
VIC1,23-03-2019 22:30,93.76,TRADE,4390.58
VIC1,23-03-2019 23:00,110.91,TRADE,4343.14
VIC1,23-03-2019 23:30,118.34,TRADE,4531.89
VIC1,24-03-2019 00:00,115.89,TRADE,4534.05
VIC1,24-03-2019 00:30,91.47,TRADE,4277.25
VIC1,24-03-2019 01:00,98.21,TRADE,4138.81
VIC1,24-03-2019 01:30,100.86,TRADE,4042.78
VIC1,24-03-2019 02:00,112.96,TRADE,3909.97
VIC1,24-03-2019 02:30,109.69,TRADE,3817.31
VIC1,24-03-2019 03:00,116.56,TRADE,3799.48
VIC1,24-03-2019 03:30,108.79,TRADE,3752.04
VIC1,24-03-2019 04:00,107.35,TRADE,3755.92
VIC1,24-03-2019 04:30,115.21,TRADE,3785.57
VIC1,24-03-2019 05:00,114.24,TRADE,3801.21
VIC1,24-03-2019 05:30,112.76,TRADE,3902.29
VIC1,24-03-2019 06:00,119.75,TRADE,3920.51
VIC1,24-03-2019 06:30,122.46,TRADE,4099.09
VIC1,24-03-2019 07:00,118.6,TRADE,4129.19
VIC1,24-03-2019 07:30,113.37,TRADE,4121
VIC1,24-03-2019 08:00,112.96,TRADE,4130.05
VIC1,24-03-2019 08:30,101.45,TRADE,4171.48
VIC1,24-03-2019 09:00,98.27,TRADE,4151.91
VIC1,24-03-2019 09:30,109.45,TRADE,4156.1
VIC1,24-03-2019 10:00,87.05,TRADE,4117.64
VIC1,24-03-2019 10:30,81.19,TRADE,4100.47
VIC1,24-03-2019 11:00,80.45,TRADE,4112.08
VIC1,24-03-2019 11:30,74,TRADE,4105.24
VIC1,24-03-2019 12:00,70.2,TRADE,4104.35
VIC1,24-03-2019 12:30,51.74,TRADE,4139.3
VIC1,24-03-2019 13:00,77.14,TRADE,4219.32
VIC1,24-03-2019 13:30,82.66,TRADE,4297.36
VIC1,24-03-2019 14:00,101.87,TRADE,4464.07
VIC1,24-03-2019 14:30,92.05,TRADE,4640.73
VIC1,24-03-2019 15:00,105.03,TRADE,4834.91
VIC1,24-03-2019 15:30,109.56,TRADE,4909.92
VIC1,24-03-2019 16:00,114.46,TRADE,4979.28
VIC1,24-03-2019 16:30,116.1,TRADE,5053.04
VIC1,24-03-2019 17:00,131.8,TRADE,5167.2
VIC1,24-03-2019 17:30,118.82,TRADE,5171.94
VIC1,24-03-2019 18:00,113.56,TRADE,5106.17
VIC1,24-03-2019 18:30,109.32,TRADE,5046.7
VIC1,24-03-2019 19:00,111.83,TRADE,5040.72
VIC1,24-03-2019 19:30,103.07,TRADE,4984.86
VIC1,24-03-2019 20:00,97.59,TRADE,4832.32
VIC1,24-03-2019 20:30,93.96,TRADE,4628.38
VIC1,24-03-2019 21:00,78.64,TRADE,4511.39
VIC1,24-03-2019 21:30,67,TRADE,4440.21
VIC1,24-03-2019 22:00,54.76,TRADE,4319.32
VIC1,24-03-2019 22:30,58.04,TRADE,4202
VIC1,24-03-2019 23:00,45.44,TRADE,4137.58
VIC1,24-03-2019 23:30,53.93,TRADE,4391.15
VIC1,25-03-2019 00:00,63.08,TRADE,4403.24
VIC1,25-03-2019 00:30,62.24,TRADE,4223
VIC1,25-03-2019 01:00,42.14,TRADE,4054.33
VIC1,25-03-2019 01:30,40.54,TRADE,3936.7
VIC1,25-03-2019 02:00,36.05,TRADE,3781.39
VIC1,25-03-2019 02:30,34.8,TRADE,3683.59
VIC1,25-03-2019 03:00,46.78,TRADE,3620.53
VIC1,25-03-2019 03:30,25.05,TRADE,3615.52
VIC1,25-03-2019 04:00,36.7,TRADE,3674.63
VIC1,25-03-2019 04:30,53.68,TRADE,3753.93
VIC1,25-03-2019 05:00,60.13,TRADE,3917.69
VIC1,25-03-2019 05:30,58.95,TRADE,4250.54
VIC1,25-03-2019 06:00,77.59,TRADE,4550.81
VIC1,25-03-2019 06:30,152.64,TRADE,4898.58
VIC1,25-03-2019 07:00,115.59,TRADE,5120.18
VIC1,25-03-2019 07:30,113.49,TRADE,5026.94
VIC1,25-03-2019 08:00,104.95,TRADE,4925.7
VIC1,25-03-2019 08:30,107.74,TRADE,4922.34
VIC1,25-03-2019 09:00,102.88,TRADE,4919.24
VIC1,25-03-2019 09:30,95.58,TRADE,4810.93
VIC1,25-03-2019 10:00,94.53,TRADE,4718.45
VIC1,25-03-2019 10:30,85.94,TRADE,4585.12
VIC1,25-03-2019 11:00,79.95,TRADE,4567.21
VIC1,25-03-2019 11:30,73.03,TRADE,4562.31
VIC1,25-03-2019 12:00,64.16,TRADE,4669.25
VIC1,25-03-2019 12:30,54.25,TRADE,4539.67
VIC1,25-03-2019 13:00,53.77,TRADE,4426.26
VIC1,25-03-2019 13:30,93.29,TRADE,4457.7
VIC1,25-03-2019 14:00,91.7,TRADE,4482.17
VIC1,25-03-2019 14:30,88.23,TRADE,4384.91
VIC1,25-03-2019 15:00,84.31,TRADE,4316.7
VIC1,25-03-2019 15:30,27.36,TRADE,4433.6
VIC1,25-03-2019 16:00,50.06,TRADE,4590.05
VIC1,25-03-2019 16:30,91.35,TRADE,4734.6
VIC1,25-03-2019 17:00,94.33,TRADE,4879.33
VIC1,25-03-2019 17:30,97.06,TRADE,4894.2
VIC1,25-03-2019 18:00,103.35,TRADE,4989.73
VIC1,25-03-2019 18:30,105.15,TRADE,5053.56
VIC1,25-03-2019 19:00,111.33,TRADE,5121.7
VIC1,25-03-2019 19:30,111.86,TRADE,5091.78
VIC1,25-03-2019 20:00,109.47,TRADE,5005.1
VIC1,25-03-2019 20:30,94.7,TRADE,4806.34
VIC1,25-03-2019 21:00,82.74,TRADE,4624.11
VIC1,25-03-2019 21:30,82.5,TRADE,4437.67
VIC1,25-03-2019 22:00,69.49,TRADE,4237.29
VIC1,25-03-2019 22:30,82.57,TRADE,4125.69
VIC1,25-03-2019 23:00,66.14,TRADE,4081.08
VIC1,25-03-2019 23:30,74.98,TRADE,4262.48
VIC1,26-03-2019 00:00,95.78,TRADE,4336.01
VIC1,26-03-2019 00:30,78.38,TRADE,4162.53
VIC1,26-03-2019 01:00,66.61,TRADE,3974.35
VIC1,26-03-2019 01:30,54.66,TRADE,3903.81
VIC1,26-03-2019 02:00,53.03,TRADE,3810.72
VIC1,26-03-2019 02:30,55.72,TRADE,3720.84
VIC1,26-03-2019 03:00,60.66,TRADE,3650.95
VIC1,26-03-2019 03:30,63.12,TRADE,3654.15
VIC1,26-03-2019 04:00,51.64,TRADE,3702.86
VIC1,26-03-2019 04:30,61.62,TRADE,3800.49
VIC1,26-03-2019 05:00,63.01,TRADE,3943.96
VIC1,26-03-2019 05:30,75.29,TRADE,4267.64
VIC1,26-03-2019 06:00,109.99,TRADE,4619.47
VIC1,26-03-2019 06:30,124.35,TRADE,5008.14
VIC1,26-03-2019 07:00,129.86,TRADE,5219.36
VIC1,26-03-2019 07:30,111.61,TRADE,5130.72
VIC1,26-03-2019 08:00,110.26,TRADE,5060.35
VIC1,26-03-2019 08:30,107.23,TRADE,4997.44
VIC1,26-03-2019 09:00,87.41,TRADE,4817.03
VIC1,26-03-2019 09:30,78.7,TRADE,4698.09
VIC1,26-03-2019 10:00,74.83,TRADE,4528.53
VIC1,26-03-2019 10:30,82.01,TRADE,4481.13
VIC1,26-03-2019 11:00,94.38,TRADE,4545.55
VIC1,26-03-2019 11:30,74.32,TRADE,4473.33
VIC1,26-03-2019 12:00,72.95,TRADE,4423.94
VIC1,26-03-2019 12:30,72.48,TRADE,4427.82
VIC1,26-03-2019 13:00,73.82,TRADE,4460.51
VIC1,26-03-2019 13:30,84.99,TRADE,4504.35
VIC1,26-03-2019 14:00,82.52,TRADE,4465.87
VIC1,26-03-2019 14:30,95.53,TRADE,4415.72
VIC1,26-03-2019 15:00,89.85,TRADE,4489.53
VIC1,26-03-2019 15:30,96.35,TRADE,4595.88
VIC1,26-03-2019 16:00,102.1,TRADE,4722.73
VIC1,26-03-2019 16:30,106.25,TRADE,4838.67
VIC1,26-03-2019 17:00,112.68,TRADE,4984.61
VIC1,26-03-2019 17:30,116.07,TRADE,5037.06
VIC1,26-03-2019 18:00,148.78,TRADE,5109.6
VIC1,26-03-2019 18:30,135.12,TRADE,5094.29
VIC1,26-03-2019 19:00,118.43,TRADE,5220.27
VIC1,26-03-2019 19:30,119.31,TRADE,5228.67
VIC1,26-03-2019 20:00,121.17,TRADE,5135.33
VIC1,26-03-2019 20:30,117.58,TRADE,4973.19
VIC1,26-03-2019 21:00,111.92,TRADE,4795.75
VIC1,26-03-2019 21:30,112.4,TRADE,4658.18
VIC1,26-03-2019 22:00,105.06,TRADE,4452.4
VIC1,26-03-2019 22:30,102.11,TRADE,4328.96
VIC1,26-03-2019 23:00,106.53,TRADE,4280.61
VIC1,26-03-2019 23:30,118,TRADE,4528.97
VIC1,27-03-2019 00:00,120.34,TRADE,4532.52
VIC1,27-03-2019 00:30,114.32,TRADE,4327.6
VIC1,27-03-2019 01:00,115.44,TRADE,4187.89
VIC1,27-03-2019 01:30,106.87,TRADE,4092.97
VIC1,27-03-2019 02:00,95.37,TRADE,3954.53
VIC1,27-03-2019 02:30,103.06,TRADE,3858.96
VIC1,27-03-2019 03:00,102.5,TRADE,3827.35
VIC1,27-03-2019 03:30,106.78,TRADE,3840.75
VIC1,27-03-2019 04:00,108.95,TRADE,3870.81
VIC1,27-03-2019 04:30,114.02,TRADE,4028.03
VIC1,27-03-2019 05:00,118.07,TRADE,4211.16
VIC1,27-03-2019 05:30,135.98,TRADE,4597.95
VIC1,27-03-2019 06:00,147.64,TRADE,4968.59
VIC1,27-03-2019 06:30,155.42,TRADE,5390.69
VIC1,27-03-2019 07:00,145.95,TRADE,5595.03
VIC1,27-03-2019 07:30,134.01,TRADE,5474.74
VIC1,27-03-2019 08:00,126.74,TRADE,5401.65
VIC1,27-03-2019 08:30,113.62,TRADE,5326.14
VIC1,27-03-2019 09:00,113.99,TRADE,5102.73
VIC1,27-03-2019 09:30,114.57,TRADE,4975.45
VIC1,27-03-2019 10:00,103.46,TRADE,4827.24
VIC1,27-03-2019 10:30,96.45,TRADE,4711.51
VIC1,27-03-2019 11:00,95.81,TRADE,4638.65
VIC1,27-03-2019 11:30,106.87,TRADE,4578.69
VIC1,27-03-2019 12:00,96.07,TRADE,4555.64
VIC1,27-03-2019 12:30,95.05,TRADE,4527.23
VIC1,27-03-2019 13:00,94.19,TRADE,4529.68
VIC1,27-03-2019 13:30,95.48,TRADE,4564.43
VIC1,27-03-2019 14:00,97.08,TRADE,4598.83
VIC1,27-03-2019 14:30,102.85,TRADE,4644.41
VIC1,27-03-2019 15:00,99.01,TRADE,4702.14
VIC1,27-03-2019 15:30,100.54,TRADE,4816.74
VIC1,27-03-2019 16:00,109.81,TRADE,4965.91
VIC1,27-03-2019 16:30,119.66,TRADE,5096.53
VIC1,27-03-2019 17:00,115.81,TRADE,5251.73
VIC1,27-03-2019 17:30,105.1,TRADE,5267.87
VIC1,27-03-2019 18:00,122.29,TRADE,5299.73
VIC1,27-03-2019 18:30,119.76,TRADE,5306.14
VIC1,27-03-2019 19:00,122.99,TRADE,5380.88
VIC1,27-03-2019 19:30,113.75,TRADE,5308.48
VIC1,27-03-2019 20:00,108.17,TRADE,5173.06
VIC1,27-03-2019 20:30,123.02,TRADE,5019.68
VIC1,27-03-2019 21:00,121.27,TRADE,4842.32
VIC1,27-03-2019 21:30,117.38,TRADE,4682.47
VIC1,27-03-2019 22:00,112.5,TRADE,4500.69
VIC1,27-03-2019 22:30,115.76,TRADE,4386.5
VIC1,27-03-2019 23:00,108.42,TRADE,4322.59
VIC1,27-03-2019 23:30,134.27,TRADE,4549.88
VIC1,28-03-2019 00:00,139.5,TRADE,4548.42
VIC1,28-03-2019 00:30,113.76,TRADE,4363.2
VIC1,28-03-2019 01:00,101.42,TRADE,4210.16
VIC1,28-03-2019 01:30,77.3,TRADE,4095.76
VIC1,28-03-2019 02:00,75.17,TRADE,3943.32
VIC1,28-03-2019 02:30,76.95,TRADE,3862.41
VIC1,28-03-2019 03:00,78.3,TRADE,3860.22
VIC1,28-03-2019 03:30,79,TRADE,3862.49
VIC1,28-03-2019 04:00,89.22,TRADE,3896.25
VIC1,28-03-2019 04:30,93.64,TRADE,4016.53
VIC1,28-03-2019 05:00,109.92,TRADE,4156.2
VIC1,28-03-2019 05:30,113.15,TRADE,4526.32
VIC1,28-03-2019 06:00,120.09,TRADE,4880.43
VIC1,28-03-2019 06:30,138.35,TRADE,5284.53
VIC1,28-03-2019 07:00,135.72,TRADE,5499.97
VIC1,28-03-2019 07:30,124.63,TRADE,5356.14
VIC1,28-03-2019 08:00,112.88,TRADE,5183.89
VIC1,28-03-2019 08:30,100.92,TRADE,5061.52
VIC1,28-03-2019 09:00,115.56,TRADE,4953.13
VIC1,28-03-2019 09:30,108.16,TRADE,4836.11
VIC1,28-03-2019 10:00,98.89,TRADE,4773.79
VIC1,28-03-2019 10:30,92.26,TRADE,4661.94
VIC1,28-03-2019 11:00,89.01,TRADE,4709.29
VIC1,28-03-2019 11:30,76.76,TRADE,4625.17
VIC1,28-03-2019 12:00,69.41,TRADE,4629.16
VIC1,28-03-2019 12:30,77.45,TRADE,4667.55
VIC1,28-03-2019 13:00,90.86,TRADE,4695.78
VIC1,28-03-2019 13:30,92.51,TRADE,4739.57
VIC1,28-03-2019 14:00,82.34,TRADE,4808.22
VIC1,28-03-2019 14:30,92.89,TRADE,4881.27
VIC1,28-03-2019 15:00,102.64,TRADE,5019.34
VIC1,28-03-2019 15:30,104.91,TRADE,5109.14
VIC1,28-03-2019 16:00,109.81,TRADE,5231.96
VIC1,28-03-2019 16:30,113.76,TRADE,5317.72
VIC1,28-03-2019 17:00,129.85,TRADE,5419.1
VIC1,28-03-2019 17:30,124.33,TRADE,5433.37
VIC1,28-03-2019 18:00,126.38,TRADE,5473.29
VIC1,28-03-2019 18:30,165.7,TRADE,5443.09
VIC1,28-03-2019 19:00,171.79,TRADE,5447.29
VIC1,28-03-2019 19:30,116.16,TRADE,5318.15
VIC1,28-03-2019 20:00,126.27,TRADE,5201.57
VIC1,28-03-2019 20:30,110.82,TRADE,5012.74
VIC1,28-03-2019 21:00,128.08,TRADE,4824.08
VIC1,28-03-2019 21:30,117.28,TRADE,4648.47
VIC1,28-03-2019 22:00,110.61,TRADE,4473.32
VIC1,28-03-2019 22:30,89.56,TRADE,4272.03
VIC1,28-03-2019 23:00,104.63,TRADE,4201.76
VIC1,28-03-2019 23:30,112.98,TRADE,4411.16
VIC1,29-03-2019 00:00,111.36,TRADE,4400.93
VIC1,29-03-2019 00:30,73.81,TRADE,4131.7
VIC1,29-03-2019 01:00,58.63,TRADE,3973.45
VIC1,29-03-2019 01:30,60.56,TRADE,3900.17
VIC1,29-03-2019 02:00,32.18,TRADE,3798.68
VIC1,29-03-2019 02:30,39.42,TRADE,3727.79
VIC1,29-03-2019 03:00,21.15,TRADE,3648.73
VIC1,29-03-2019 03:30,26,TRADE,3610.85
VIC1,29-03-2019 04:00,22.77,TRADE,3620.91
VIC1,29-03-2019 04:30,30.31,TRADE,3756.9
VIC1,29-03-2019 05:00,37.85,TRADE,3899.7
VIC1,29-03-2019 05:30,71.28,TRADE,4239.57
VIC1,29-03-2019 06:00,72.7,TRADE,4595.95
VIC1,29-03-2019 06:30,98.31,TRADE,4901.56
VIC1,29-03-2019 07:00,124.78,TRADE,5139.58
VIC1,29-03-2019 07:30,106.47,TRADE,5129.82
VIC1,29-03-2019 08:00,92.74,TRADE,5019.68
VIC1,29-03-2019 08:30,98.05,TRADE,4992.44
VIC1,29-03-2019 09:00,97.79,TRADE,5008.23
VIC1,29-03-2019 09:30,98.9,TRADE,4986.17
VIC1,29-03-2019 10:00,104.74,TRADE,4955.27
VIC1,29-03-2019 10:30,93.74,TRADE,4977.51
VIC1,29-03-2019 11:00,91.47,TRADE,5019.84
VIC1,29-03-2019 11:30,63.48,TRADE,4890.93
VIC1,29-03-2019 12:00,85.81,TRADE,4928.31
VIC1,29-03-2019 12:30,80.25,TRADE,4954.65
VIC1,29-03-2019 13:00,86.45,TRADE,4980.31
VIC1,29-03-2019 13:30,88.22,TRADE,5048.66
VIC1,29-03-2019 14:00,89.72,TRADE,5076.08
VIC1,29-03-2019 14:30,76.96,TRADE,5021.6
VIC1,29-03-2019 15:00,90.67,TRADE,5035.4
VIC1,29-03-2019 15:30,100.27,TRADE,5036.87
VIC1,29-03-2019 16:00,102.76,TRADE,5081.92
VIC1,29-03-2019 16:30,96.55,TRADE,5220.66
VIC1,29-03-2019 17:00,96.62,TRADE,5137.64
VIC1,29-03-2019 17:30,92.77,TRADE,5034.05
VIC1,29-03-2019 18:00,93.81,TRADE,4964.59
VIC1,29-03-2019 18:30,95.23,TRADE,4933.89
VIC1,29-03-2019 19:00,97.85,TRADE,4983.19
VIC1,29-03-2019 19:30,87.39,TRADE,4875.17
VIC1,29-03-2019 20:00,86.24,TRADE,4788.75
VIC1,29-03-2019 20:30,95.88,TRADE,4661.93
VIC1,29-03-2019 21:00,88.51,TRADE,4478.32
VIC1,29-03-2019 21:30,93.58,TRADE,4356.11
VIC1,29-03-2019 22:00,84.64,TRADE,4211.44
VIC1,29-03-2019 22:30,93.78,TRADE,4139.56
VIC1,29-03-2019 23:00,90.81,TRADE,4037.66
VIC1,29-03-2019 23:30,105.45,TRADE,4223.45
VIC1,30-03-2019 00:00,105.64,TRADE,4258.71
VIC1,30-03-2019 00:30,95.43,TRADE,4097.95
VIC1,30-03-2019 01:00,89.58,TRADE,3930.34
VIC1,30-03-2019 01:30,78.78,TRADE,3811.16
VIC1,30-03-2019 02:00,76.33,TRADE,3644.94
VIC1,30-03-2019 02:30,75.99,TRADE,3501.92
VIC1,30-03-2019 03:00,82.57,TRADE,3417.3
VIC1,30-03-2019 03:30,79.74,TRADE,3420.3
VIC1,30-03-2019 04:00,64.89,TRADE,3399
VIC1,30-03-2019 04:30,67.06,TRADE,3477.51
VIC1,30-03-2019 05:00,38.41,TRADE,3479.72
VIC1,30-03-2019 05:30,60.19,TRADE,3661.38
VIC1,30-03-2019 06:00,90.82,TRADE,3846.56
VIC1,30-03-2019 06:30,90.99,TRADE,4005.57
VIC1,30-03-2019 07:00,106.58,TRADE,4199.98
VIC1,30-03-2019 07:30,106.68,TRADE,4328.2
VIC1,30-03-2019 08:00,116.11,TRADE,4438.92
VIC1,30-03-2019 08:30,116.29,TRADE,4558.44
VIC1,30-03-2019 09:00,112.63,TRADE,4584.95
VIC1,30-03-2019 09:30,96.38,TRADE,4559.42
VIC1,30-03-2019 10:00,74.86,TRADE,4480.9
VIC1,30-03-2019 10:30,69.78,TRADE,4466.7
VIC1,30-03-2019 11:00,66.68,TRADE,4484.31
VIC1,30-03-2019 11:30,60.47,TRADE,4345.65
VIC1,30-03-2019 12:00,63.11,TRADE,4226.1
VIC1,30-03-2019 12:30,67.13,TRADE,4244.94
VIC1,30-03-2019 13:00,59.92,TRADE,4206.86
VIC1,30-03-2019 13:30,45.83,TRADE,4053.79
VIC1,30-03-2019 14:00,51.74,TRADE,4052.55
VIC1,30-03-2019 14:30,32.22,TRADE,3983.62
VIC1,30-03-2019 15:00,50.1,TRADE,4004.02
VIC1,30-03-2019 15:30,67.89,TRADE,4179.4
VIC1,30-03-2019 16:00,76.8,TRADE,4342.49
VIC1,30-03-2019 16:30,76.09,TRADE,4468.24
VIC1,30-03-2019 17:00,75.02,TRADE,4607.06
VIC1,30-03-2019 17:30,101.44,TRADE,4768.86
VIC1,30-03-2019 18:00,113.8,TRADE,4867.48
VIC1,30-03-2019 18:30,118.39,TRADE,4929.62
VIC1,30-03-2019 19:00,113.33,TRADE,4982.78
VIC1,30-03-2019 19:30,111.29,TRADE,4893.92
VIC1,30-03-2019 20:00,110.17,TRADE,4805.73
VIC1,30-03-2019 20:30,101.45,TRADE,4646.92
VIC1,30-03-2019 21:00,112.64,TRADE,4517.41
VIC1,30-03-2019 21:30,106.65,TRADE,4397.92
VIC1,30-03-2019 22:00,97.52,TRADE,4285.03
VIC1,30-03-2019 22:30,89.87,TRADE,4188.61
VIC1,30-03-2019 23:00,67.96,TRADE,4135.89
VIC1,30-03-2019 23:30,91.95,TRADE,4336.24
VIC1,31-03-2019 00:00,107.9,TRADE,4308.46
VIC1,31-03-2019 00:30,73.77,TRADE,4097.81
VIC1,31-03-2019 01:00,64.49,TRADE,4021.41
VIC1,31-03-2019 01:30,71.13,TRADE,3937.28
VIC1,31-03-2019 02:00,66.49,TRADE,3778.41
VIC1,31-03-2019 02:30,68.41,TRADE,3642.65
VIC1,31-03-2019 03:00,68.08,TRADE,3551.86
VIC1,31-03-2019 03:30,55.91,TRADE,3496.67
VIC1,31-03-2019 04:00,29.67,TRADE,3431.11
VIC1,31-03-2019 04:30,38.2,TRADE,3431.11
VIC1,31-03-2019 05:00,42.79,TRADE,3475.69
VIC1,31-03-2019 05:30,47.52,TRADE,3586.18
VIC1,31-03-2019 06:00,63.35,TRADE,3707.25
VIC1,31-03-2019 06:30,77.22,TRADE,3898.47
VIC1,31-03-2019 07:00,108.11,TRADE,3989.95
VIC1,31-03-2019 07:30,110.04,TRADE,4032.16
VIC1,31-03-2019 08:00,123.14,TRADE,4166.91
VIC1,31-03-2019 08:30,102,TRADE,4168.48
VIC1,31-03-2019 09:00,86.64,TRADE,4183.73
VIC1,31-03-2019 09:30,107.24,TRADE,4182.81
VIC1,31-03-2019 10:00,75.17,TRADE,4178.18
VIC1,31-03-2019 10:30,114.27,TRADE,4266.63
VIC1,31-03-2019 11:00,125.37,TRADE,4290.39
VIC1,31-03-2019 11:30,76.44,TRADE,4248.3
VIC1,31-03-2019 12:00,49.86,TRADE,4180.85
VIC1,31-03-2019 12:30,104.12,TRADE,4142.67
VIC1,31-03-2019 13:00,98.37,TRADE,4110.28
VIC1,31-03-2019 13:30,61.03,TRADE,4092.04
VIC1,31-03-2019 14:00,123.7,TRADE,4173.96
VIC1,31-03-2019 14:30,64.66,TRADE,4203.92
VIC1,31-03-2019 15:00,70.32,TRADE,4367.9
VIC1,31-03-2019 15:30,85.69,TRADE,4423.09
VIC1,31-03-2019 16:00,92.59,TRADE,4492.38
VIC1,31-03-2019 16:30,114.98,TRADE,4633.7
VIC1,31-03-2019 17:00,125.77,TRADE,4794.61
VIC1,31-03-2019 17:30,118.03,TRADE,4935.23
VIC1,31-03-2019 18:00,116.74,TRADE,4976.12
VIC1,31-03-2019 18:30,139.54,TRADE,5033.81
VIC1,31-03-2019 19:00,129.46,TRADE,5030.05
VIC1,31-03-2019 19:30,125.79,TRADE,4956.16
VIC1,31-03-2019 20:00,120.22,TRADE,4846.51
VIC1,31-03-2019 20:30,109.94,TRADE,4692.02
VIC1,31-03-2019 21:00,123.04,TRADE,4570.33
VIC1,31-03-2019 21:30,103.26,TRADE,4452.88
VIC1,31-03-2019 22:00,107.29,TRADE,4302.73
VIC1,31-03-2019 22:30,101.65,TRADE,4202.19
VIC1,31-03-2019 23:00,92.75,TRADE,4162.92
VIC1,31-03-2019 23:30,139.49,TRADE,4391.42
VIC1,01-04-2019 00:00,157.76,TRADE,4385.24
